{
    "name": "root",
    "metadata": {
        "timer_format_version": "0.1.0",
        "start_time_seconds": "1595534780",
        "python_version": "3.8.3 (tags/v3.8.3:6f8c832, May 13 2020, 22:37:02) [MSC v.1924 64 bit (AMD64)]",
        "command_line_arguments": "C:\\Python38\\Scripts\\mlagents-learn Behaviour.yaml --run-id=Test10",
        "mlagents_version": "0.18.0",
        "mlagents_envs_version": "0.18.0",
        "communication_protocol_version": "1.0.0",
        "tensorflow_version": "2.2.0",
        "end_time_seconds": "1595534885"
    },
    "total": 104.8408396,
    "count": 1,
    "self": 0.011280599999992091,
    "children": {
        "run_training.setup": {
            "total": 0.008365199999999628,
            "count": 1,
            "self": 0.008365199999999628
        },
        "TrainerController.start_learning": {
            "total": 104.8211938,
            "count": 1,
            "self": 3.5278143999996843,
            "children": {
                "TrainerController._reset_env": {
                    "total": 30.062664500000004,
                    "count": 1,
                    "self": 30.062664500000004
                },
                "TrainerController.advance": {
                    "total": 69.29294670000031,
                    "count": 3256,
                    "self": 0.041994799999955035,
                    "children": {
                        "env_step": {
                            "total": 69.25095190000036,
                            "count": 3256,
                            "self": 66.75571430000042,
                            "children": {
                                "SubprocessEnvManager._take_step": {
                                    "total": 2.4533446000002357,
                                    "count": 3256,
                                    "self": 0.10606489999976532,
                                    "children": {
                                        "NNPolicy.evaluate": {
                                            "total": 2.3472797000004704,
                                            "count": 2697,
                                            "self": 2.3472797000004704
                                        }
                                    }
                                },
                                "workers": {
                                    "total": 0.04189299999971041,
                                    "count": 3255,
                                    "self": 0.0,
                                    "children": {
                                        "worker_root": {
                                            "total": 72.09143320000017,
                                            "count": 3255,
                                            "is_parallel": true,
                                            "self": 10.992270300000065,
                                            "children": {
                                                "steps_from_proto": {
                                                    "total": 0.005106099999999003,
                                                    "count": 1,
                                                    "is_parallel": true,
                                                    "self": 0.004692300000002092,
                                                    "children": {
                                                        "_process_vector_observation": {
                                                            "total": 0.0004137999999969111,
                                                            "count": 2,
                                                            "is_parallel": true,
                                                            "self": 0.0004137999999969111
                                                        }
                                                    }
                                                },
                                                "UnityEnvironment.step": {
                                                    "total": 61.094056800000104,
                                                    "count": 3255,
                                                    "is_parallel": true,
                                                    "self": 0.28331260000079084,
                                                    "children": {
                                                        "UnityEnvironment._generate_step_input": {
                                                            "total": 1.2900757000000738,
                                                            "count": 3255,
                                                            "is_parallel": true,
                                                            "self": 1.2900757000000738
                                                        },
                                                        "communicator.exchange": {
                                                            "total": 58.29347559999944,
                                                            "count": 3255,
                                                            "is_parallel": true,
                                                            "self": 58.29347559999944
                                                        },
                                                        "steps_from_proto": {
                                                            "total": 1.2271928999997996,
                                                            "count": 3255,
                                                            "is_parallel": true,
                                                            "self": 0.5327448999996136,
                                                            "children": {
                                                                "_process_vector_observation": {
                                                                    "total": 0.694448000000186,
                                                                    "count": 6510,
                                                                    "is_parallel": true,
                                                                    "self": 0.694448000000186
                                                                }
                                                            }
                                                        }
                                                    }
                                                }
                                            }
                                        }
                                    }
                                }
                            }
                        }
                    }
                },
                "trainer_threads": {
                    "total": 3.510000000517266e-05,
                    "count": 1,
                    "self": 3.510000000517266e-05,
                    "children": {
                        "thread_root": {
                            "total": 0.0,
                            "count": 0,
                            "is_parallel": true,
                            "self": 0.0,
                            "children": {
                                "trainer_advance": {
                                    "total": 70.0075462999993,
                                    "count": 32122,
                                    "is_parallel": true,
                                    "self": 1.2354164000000623,
                                    "children": {
                                        "process_trajectory": {
                                            "total": 64.76658389999923,
                                            "count": 32122,
                                            "is_parallel": true,