{
    "name": "root",
    "gauges": {
        "MyBehavior.Policy.Entropy.mean": {
            "value": 1.3603256940841675,
            "min": 1.3603256940841675,
            "max": 1.4098827838897705,
            "count": 10
        },
        "MyBehavior.Environment.EpisodeLength.mean": {
            "value": 988.8247422680413,
            "min": 97.58583690987125,
            "max": 988.8247422680413,
            "count": 10
        },
        "MyBehavior.Policy.ExtrinsicValueEstimate.mean": {
            "value": 4.827460289001465,
            "min": -1.7531580924987793,
            "max": 4.827460289001465,
            "count": 10
        },
        "MyBehavior.Environment.CumulativeReward.mean": {
            "value": 49.335055788767704,
            "min": -0.06652333117349976,
            "max": 49.335055788767704,
            "count": 10
        },
        "MyBehavior.Policy.ExtrinsicReward.mean": {
            "value": 49.335055788767704,
            "min": -0.06652333117349976,
            "max": 49.335055788767704,
            "count": 10
        },
        "MyBehavior.Losses.ValueLoss.mean": {
            "value": 0.0444025844335556,
            "min": 0.0444025844335556,
            "max": 1.6033129692077637,
            "count": 10
        },
        "MyBehavior.Losses.PolicyLoss.mean": {
            "value": 0.02287302538752556,
            "min": 0.02236274443566799,
            "max": 0.026404263451695442,
            "count": 10
        },
        "MyBehavior.Policy.LearningRate.mean": {
            "value": 1.4093650861468632e-05,
            "min": 1.4093650861468632e-05,
            "max": 0.0002845228009391576,
            "count": 10
        },
        "MyBehavior.Policy.Epsilon.mean": {
            "value": 0.10469786077737808,
            "min": 0.10469786077737808,
            "max": 0.19484096765518188,
            "count": 10
        },
        "MyBehavior.Policy.Beta.mean": {
            "value": 0.0002444227575324476,
            "min": 0.0002444227575324476,
            "max": 0.004742562770843506,
            "count": 10
        },
        "MyBehavior.IsTraining.mean": {
            "value": 1.0,
            "min": 1.0,
            "max": 1.0,
            "count": 10
        }
    },
    "metadata": {
        "timer_format_version": "0.1.0",
        "start_time_seconds": "1595883956",
        "python_version": "3.8.3 (tags/v3.8.3:6f8c832, May 13 2020, 22:37:02) [MSC v.1924 64 bit (AMD64)]",
        "command_line_arguments": "C:\\Python38\\Scripts\\mlagents-learn configuration.yaml --run-id=Misto1",
        "mlagents_version": "0.18.0",
        "mlagents_envs_version": "0.18.0",
        "communication_protocol_version": "1.0.0",
        "tensorflow_version": "2.2.0",
        "end_time_seconds": "1595884863"
    },
    "total": 907.1485005,
    "count": 1,
    "self": 0.3176822999998876,
    "children": {
        "run_training.setup": {
            "total": 0.007820099999999996,
            "count": 1,
            "self": 0.007820099999999996
        },
        "TrainerController.start_learning": {
            "total": 906.8229981000001,
            "count": 1,
            "self": 23.647728399998186,
            "children": {
                "TrainerController._reset_env": {
                    "total": 10.4292932,
                    "count": 1,
                    "self": 10.4292932
                },
                "TrainerController.advance": {
                    "total": 871.058768100002,
                    "count": 23355,
                    "self": 0.3271198999987064,
                    "children": {
                        "env_step": {
                            "total": 870.7316482000033,
                            "count": 23355,
                            "self": 846.2633439000098,
                            "children": {
                                "SubprocessEnvManager._take_step": {
                                    "total": 24.143317500001352,
                                    "count": 23355,
                                    "self": 1.2489009999988667,
                                    "children": {
                                        "NNPolicy.evaluate": {
                                            "total": 22.894416500002485,
                                            "count": 20875,
                                            "self": 22.894416500002485
                                        }
                                    }
                                },
                                "workers": {
                                    "total": 0.3249867999922067,
                                    "count": 23355,
                                    "self": 0.0,
                                    "children": {
                                        "worker_root": {
                                            "total": 893.3355756999966,
                                            "count": 23355,
                                            "is_parallel": true,
                                            "self": 142.11062720000473,
                                            "children": {
                                                "steps_from_proto": {
                                                    "total": 0.000904000000000238,
                                                    "count": 1,
                                                    "is_parallel": true,
                                                    "self": 0.0001705000000011836,
                                                    "children": {
                                                        "_process_vector_observation": {
                                                            "total": 0.0007334999999990544,
                                                            "count": 2,
                                                            "is_parallel": true,
                                                            "self": 0.0007334999999990544
                                                        }
                                                    }
                                                },
                                                "UnityEnvironment.step": {
                                                    "total": 751.2240444999919,
                                                    "count": 23355,
                                                    "is_parallel": true,
                                                    "self": 2.9829581999908896,
                                                    "children": {
                                                        "UnityEnvironment._generate_step_input": {
                                                            "total": 26.018031299996778,
                                                            "count": 23355,
                                                            "is_parallel": true,
                                                            "self": 26.018031299996778
                                                        },
                                                        "communicator.exchange": {
                                                            "total": 707.1454133999971,
                                                            "count": 23355,
                                                            "is_parallel": true,
                                                            "self": 707.1454133999971
                                                        },
                                                        "steps_from_proto": {
                                                            "total": 15.07764160000716,
                                                            "count": 23355,
                                                            "is_parallel": true,