{
    "name": "root",
    "gauges": {
        "MyBehavior.Policy.Entropy.mean": {
            "value": 1.2177199125289917,
            "min": 1.2177199125289917,
            "max": 1.411058783531189,
            "count": 10
        },
        "MyBehavior.Environment.EpisodeLength.mean": {
            "value": 876.2066115702479,
            "min": 30.911176663389053,
            "max": 876.2066115702479,
            "count": 10
        },
        "MyBehavior.Policy.ExtrinsicValueEstimate.mean": {
            "value": 4.646061897277832,
            "min": -2.786282539367676,
            "max": 4.646061897277832,
            "count": 10
        },
        "MyBehavior.Environment.CumulativeReward.mean": {
            "value": 42.73347482996539,
            "min": -3.442854784700137,
            "max": 42.73347482996539,
            "count": 10
        },
        "MyBehavior.Policy.ExtrinsicReward.mean": {
            "value": 42.73347482996539,
            "min": -3.442854784700137,
            "max": 42.73347482996539,
            "count": 10
        },
        "MyBehavior.Losses.ValueLoss.mean": {
            "value": 0.18934080004692078,
            "min": 0.18934080004692078,
            "max": 3.169124126434326,
            "count": 10
        },
        "MyBehavior.Losses.PolicyLoss.mean": {
            "value": 0.022183362394571304,
            "min": 0.022183362394571304,
            "max": 0.02527446672320366,
            "count": 10
        },
        "MyBehavior.Policy.LearningRate.mean": {
            "value": 1.4266329344536643e-05,
            "min": 1.4266329344536643e-05,
            "max": 0.0002845883136615157,
            "count": 10
        },
        "MyBehavior.Policy.Epsilon.mean": {
            "value": 0.10475541651248932,
            "min": 0.10475541651248932,
            "max": 0.19486276805400848,
            "count": 10
        },
        "MyBehavior.Policy.Beta.mean": {
            "value": 0.0002472949563525617,
            "min": 0.0002472949563525617,
            "max": 0.004743652418255806,
            "count": 10
        },
        "MyBehavior.IsTraining.mean": {
            "value": 1.0,
            "min": 1.0,
            "max": 1.0,
            "count": 10
        }
    },
    "metadata": {
        "timer_format_version": "0.1.0",
        "start_time_seconds": "1598048623",
        "python_version": "3.8.3 (tags/v3.8.3:6f8c832, May 13 2020, 22:37:02) [MSC v.1924 64 bit (AMD64)]",
        "command_line_arguments": "C:\\Python38\\Scripts\\mlagents-learn Behaviour.yaml --run-id=TestInverso",
        "mlagents_version": "0.18.0",
        "mlagents_envs_version": "0.18.0",
        "communication_protocol_version": "1.0.0",
        "tensorflow_version": "2.2.0",
        "end_time_seconds": "1598049420"
    },
    "total": 797.5193538,
    "count": 1,
    "self": 0.3870728000000554,
    "children": {
        "run_training.setup": {
            "total": 0.008185499999999735,
            "count": 1,
            "self": 0.008185499999999735
        },
        "TrainerController.start_learning": {
            "total": 797.1240955,
            "count": 1,
            "self": 24.73678539999446,
            "children": {
                "TrainerController._reset_env": {
                    "total": 10.5898675,
                    "count": 1,
                    "self": 10.5898675
                },
                "TrainerController.advance": {
                    "total": 760.2966623000054,
                    "count": 21133,
                    "self": 0.2899985000100287,
                    "children": {
                        "env_step": {
                            "total": 760.0066637999954,
                            "count": 21133,
                            "self": 743.4911088999935,
                            "children": {
                                "SubprocessEnvManager._take_step": {
                                    "total": 16.228524700002083,
                                    "count": 21133,
                                    "self": 1.0714444999980781,
                                    "children": {
                                        "NNPolicy.evaluate": {
                                            "total": 15.157080200004005,
                                            "count": 16708,
                                            "self": 15.157080200004005
                                        }
                                    }
                                },
                                "workers": {
                                    "total": 0.28703019999986523,
                                    "count": 21133,
                                    "self": 0.0,
                                    "children": {
                                        "worker_root": {
                                            "total": 783.7008413999956,
                                            "count": 21133,
                                            "is_parallel": true,
                                            "self": 131.39189079999653,
                                            "children": {
                                                "steps_from_proto": {
                                                    "total": 0.0009980999999985585,
                                                    "count": 1,
                                                    "is_parallel": true,
                                                    "self": 0.00018009999999790693,
                                                    "children": {
                                                        "_process_vector_observation": {
                                                            "total": 0.0008180000000006515,
                                                            "count": 2,
                                                            "is_parallel": true,
                                                            "self": 0.0008180000000006515
                                                        }
                                                    }
                                                },
                                                "UnityEnvironment.step": {
                                                    "total": 652.3079524999991,
                                                    "count": 21133,
                                                    "is_parallel": true,
                                                    "self": 2.80976419999638,
                                                    "children": {
                                                        "UnityEnvironment._generate_step_input": {
                                                            "total": 29.87833699999777,
                                                            "count": 21133,
                                                            "is_parallel": true,
                                                            "self": 29.87833699999777
                                                        },
                                                        "communicator.exchange": {
                                                            "total": 606.0316833000027,
                                                            "count": 21133,
                                                            "is_parallel": true,
                                                            "self": 606.0316833000027
                                                        },
                                                        "steps_from_proto": {
                                                            "total": 13.588168000002323,
                                                            "count": 21133,
                                                            "is_parallel": true,
                                                            "self": 2.700723500011602,