{
    "name": "root",
    "metadata": {
        "timer_format_version": "0.1.0",
        "start_time_seconds": "1597781931",
        "python_version": "3.8.3 (tags/v3.8.3:6f8c832, May 13 2020, 22:37:02) [MSC v.1924 64 bit (AMD64)]",
        "command_line_arguments": "C:\\Python38\\Scripts\\mlagents-learn Behaviour.yaml --run-id=Dacancellare22",
        "mlagents_version": "0.18.0",
        "mlagents_envs_version": "0.18.0",
        "communication_protocol_version": "1.0.0",
        "tensorflow_version": "2.2.0",
        "end_time_seconds": "1597782154"
    },
    "total": 223.1410176,
    "count": 1,
    "self": 0.01922840000000292,
    "children": {
        "run_training.setup": {
            "total": 0.0076152999999998805,
            "count": 1,
            "self": 0.0076152999999998805
        },
        "TrainerController.start_learning": {
            "total": 223.1141739,
            "count": 1,
            "self": 4.023864500000059,
            "children": {
                "TrainerController._reset_env": {
                    "total": 8.6225925,
                    "count": 1,
                    "self": 8.6225925
                },
                "TrainerController.advance": {
                    "total": 208.65848709999995,
                    "count": 2686,
                    "self": 0.03913050000051044,
                    "children": {
                        "env_step": {
                            "total": 208.61935659999943,
                            "count": 2686,
                            "self": 206.80009309999897,
                            "children": {
                                "SubprocessEnvManager._take_step": {
                                    "total": 1.7826268999998973,
                                    "count": 2686,
                                    "self": 0.11232260000034877,
                                    "children": {
                                        "NNPolicy.evaluate": {
                                            "total": 1.6703042999995485,
                                            "count": 1898,
                                            "self": 1.6703042999995485
                                        }
                                    }
                                },
                                "workers": {
                                    "total": 0.036636600000575115,
                                    "count": 2685,
                                    "self": 0.0,
                                    "children": {
                                        "worker_root": {
                                            "total": 212.02823849999984,
                                            "count": 2685,
                                            "is_parallel": true,
                                            "self": 13.14247489999974,
                                            "children": {
                                                "steps_from_proto": {
                                                    "total": 0.001038900000001064,
                                                    "count": 1,
                                                    "is_parallel": true,
                                                    "self": 0.00024140000000194561,
                                                    "children": {
                                                        "_process_vector_observation": {
                                                            "total": 0.0007974999999991184,
                                                            "count": 2,
                                                            "is_parallel": true,
                                                            "self": 0.0007974999999991184
                                                        }
                                                    }
                                                },
                                                "UnityEnvironment.step": {
                                                    "total": 198.8847247000001,
                                                    "count": 2685,
                                                    "is_parallel": true,
                                                    "self": 0.2892484999998146,
                                                    "children": {
                                                        "UnityEnvironment._generate_step_input": {
                                                            "total": 2.302567100000216,
                                                            "count": 2685,
                                                            "is_parallel": true,
                                                            "self": 2.302567100000216
                                                        },
                                                        "communicator.exchange": {
                                                            "total": 194.8967070000004,
                                                            "count": 2685,
                                                            "is_parallel": true,
                                                            "self": 194.8967070000004
                                                        },
                                                        "steps_from_proto": {
                                                            "total": 1.3962020999996838,
                                                            "count": 2685,
                                                            "is_parallel": true,
                                                            "self": 0.2969245999993113,
                                                            "children": {
                                                                "_process_vector_observation": {
                                                                    "total": 1.0992775000003725,
                                                                    "count": 5370,
                                                                    "is_parallel": true,
                                                                    "self": 1.0992775000003725
                                                                }
                                                            }
                                                        }
                                                    }
                                                }
                                            }
                                        }
                                    }
                                }
                            }
                        }
                    }
                },
                "trainer_threads": {
                    "total": 4.849999999123611e-05,
                    "count": 1,
                    "self": 4.849999999123611e-05,
                    "children": {
                        "thread_root": {
                            "total": 0.0,
                            "count": 0,
                            "is_parallel": true,
                            "self": 0.0,
                            "children": {
                                "trainer_advance": {
                                    "total": 210.4055865999993,
                                    "count": 14463,
                                    "is_parallel": true,
                                    "self": 0.8910100999988799,
                                    "children": {
                                        "process_trajectory": {
                                            "total": 200.06797380000043,
                                            "count": 14463,
                                            "is_parallel": true,