{
    "name": "root",
    "metadata": {
        "timer_format_version": "0.1.0",
        "start_time_seconds": "1597781819",
        "python_version": "3.8.3 (tags/v3.8.3:6f8c832, May 13 2020, 22:37:02) [MSC v.1924 64 bit (AMD64)]",
        "command_line_arguments": "C:\\Python38\\Scripts\\mlagents-learn Behaviour.yaml --run-id=Dacancellare20",
        "mlagents_version": "0.18.0",
        "mlagents_envs_version": "0.18.0",
        "communication_protocol_version": "1.0.0",
        "tensorflow_version": "2.2.0",
        "end_time_seconds": "1597781852"
    },
    "total": 32.155910399999996,
    "count": 1,
    "self": 0.011892599999995923,
    "children": {
        "run_training.setup": {
            "total": 0.007604699999999909,
            "count": 1,
            "self": 0.007604699999999909
        },
        "TrainerController.start_learning": {
            "total": 32.1364131,
            "count": 1,
            "self": 1.9156605999999883,
            "children": {
                "TrainerController._reset_env": {
                    "total": 16.9293988,
                    "count": 1,
                    "self": 16.9293988
                },
                "TrainerController.advance": {
                    "total": 11.687184500000015,
                    "count": 104,
                    "self": 0.0014953000000019756,
                    "children": {
                        "env_step": {
                            "total": 11.685689200000013,
                            "count": 104,
                            "self": 11.5773699,
                            "children": {
                                "SubprocessEnvManager._take_step": {
                                    "total": 0.10698969999999619,
                                    "count": 104,
                                    "self": 0.004688499999989659,
                                    "children": {
                                        "NNPolicy.evaluate": {
                                            "total": 0.10230120000000653,
                                            "count": 67,
                                            "self": 0.10230120000000653
                                        }
                                    }
                                },
                                "workers": {
                                    "total": 0.001329600000016029,
                                    "count": 103,
                                    "self": 0.0,
                                    "children": {
                                        "worker_root": {
                                            "total": 12.8944987,
                                            "count": 103,
                                            "is_parallel": true,
                                            "self": 1.6380084000000146,
                                            "children": {
                                                "steps_from_proto": {
                                                    "total": 0.000932500000001113,
                                                    "count": 1,
                                                    "is_parallel": true,
                                                    "self": 0.00020280000000028053,
                                                    "children": {
                                                        "_process_vector_observation": {
                                                            "total": 0.0007297000000008325,
                                                            "count": 2,
                                                            "is_parallel": true,
                                                            "self": 0.0007297000000008325
                                                        }
                                                    }
                                                },
                                                "UnityEnvironment.step": {
                                                    "total": 11.255557799999984,
                                                    "count": 103,
                                                    "is_parallel": true,
                                                    "self": 0.01301829999996329,
                                                    "children": {
                                                        "UnityEnvironment._generate_step_input": {
                                                            "total": 0.10422150000002262,
                                                            "count": 103,
                                                            "is_parallel": true,
                                                            "self": 0.10422150000002262
                                                        },
                                                        "communicator.exchange": {
                                                            "total": 11.078240999999984,
                                                            "count": 103,
                                                            "is_parallel": true,
                                                            "self": 11.078240999999984
                                                        },
                                                        "steps_from_proto": {
                                                            "total": 0.060077000000013925,
                                                            "count": 103,
                                                            "is_parallel": true,
                                                            "self": 0.01221490000005332,
                                                            "children": {
                                                                "_process_vector_observation": {
                                                                    "total": 0.047862099999960606,
                                                                    "count": 206,
                                                                    "is_parallel": true,
                                                                    "self": 0.047862099999960606
                                                                }
                                                            }
                                                        }
                                                    }
                                                }
                                            }
                                        }
                                    }
                                }
                            }
                        }
                    }
                },
                "trainer_threads": {
                    "total": 1.8599999997093164e-05,
                    "count": 1,
                    "self": 1.8599999997093164e-05,
                    "children": {
                        "thread_root": {
                            "total": 0.0,
                            "count": 0,
                            "is_parallel": true,
                            "self": 0.0,
                            "children": {
                                "trainer_advance": {
                                    "total": 11.706666699999982,
                                    "count": 792,
                                    "is_parallel": true,
                                    "self": 0.04548429999995918,
                                    "children": {
                                        "process_trajectory": {
                                            "total": 11.661182400000023,
                                            "count": 792,
                                            "is_parallel": true,