{
    "name": "root",
    "metadata": {
        "timer_format_version": "0.1.0",
        "start_time_seconds": "1597781306",
        "python_version": "3.8.3 (tags/v3.8.3:6f8c832, May 13 2020, 22:37:02) [MSC v.1924 64 bit (AMD64)]",
        "command_line_arguments": "C:\\Python38\\Scripts\\mlagents-learn Behaviour.yaml --run-id=Dacancellare13",
        "mlagents_version": "0.18.0",
        "mlagents_envs_version": "0.18.0",
        "communication_protocol_version": "1.0.0",
        "tensorflow_version": "2.2.0",
        "end_time_seconds": "1597781336"
    },
    "total": 29.6713253,
    "count": 1,
    "self": 0.011803500000002742,
    "children": {
        "run_training.setup": {
            "total": 0.008670700000000142,
            "count": 1,
            "self": 0.008670700000000142
        },
        "TrainerController.start_learning": {
            "total": 29.650851099999997,
            "count": 1,
            "self": 2.2001925999999727,
            "children": {
                "TrainerController._reset_env": {
                    "total": 9.7898467,
                    "count": 1,
                    "self": 9.7898467
                },
                "TrainerController.advance": {
                    "total": 15.903469300000028,
                    "count": 1445,
                    "self": 0.01982909999998661,
                    "children": {
                        "env_step": {
                            "total": 15.883640200000041,
                            "count": 1445,
                            "self": 14.872290800000027,
                            "children": {
                                "SubprocessEnvManager._take_step": {
                                    "total": 0.9932420999999945,
                                    "count": 1445,
                                    "self": 0.03859370000002649,
                                    "children": {
                                        "NNPolicy.evaluate": {
                                            "total": 0.954648399999968,
                                            "count": 1431,
                                            "self": 0.954648399999968
                                        }
                                    }
                                },
                                "workers": {
                                    "total": 0.018107300000020032,
                                    "count": 1444,
                                    "self": 0.0,
                                    "children": {
                                        "worker_root": {
                                            "total": 17.53876909999996,
                                            "count": 1444,
                                            "is_parallel": true,
                                            "self": 4.1627953999999185,
                                            "children": {
                                                "steps_from_proto": {
                                                    "total": 0.00029720000000033053,
                                                    "count": 1,
                                                    "is_parallel": true,
                                                    "self": 0.0001429000000001679,
                                                    "children": {
                                                        "_process_vector_observation": {
                                                            "total": 0.00015430000000016264,
                                                            "count": 2,
                                                            "is_parallel": true,
                                                            "self": 0.00015430000000016264
                                                        }
                                                    }
                                                },
                                                "UnityEnvironment.step": {
                                                    "total": 13.375676500000042,
                                                    "count": 1444,
                                                    "is_parallel": true,
                                                    "self": 0.09083620000003201,
                                                    "children": {
                                                        "UnityEnvironment._generate_step_input": {
                                                            "total": 0.17860529999999386,
                                                            "count": 1444,
                                                            "is_parallel": true,
                                                            "self": 0.17860529999999386
                                                        },
                                                        "communicator.exchange": {
                                                            "total": 12.867232899999985,
                                                            "count": 1444,
                                                            "is_parallel": true,
                                                            "self": 12.867232899999985
                                                        },
                                                        "steps_from_proto": {
                                                            "total": 0.23900210000003064,
                                                            "count": 1444,
                                                            "is_parallel": true,
                                                            "self": 0.09894639999998844,
                                                            "children": {
                                                                "_process_vector_observation": {
                                                                    "total": 0.1400557000000422,
                                                                    "count": 2888,
                                                                    "is_parallel": true,
                                                                    "self": 0.1400557000000422
                                                                }
                                                            }
                                                        }
                                                    }
                                                }
                                            }
                                        }
                                    }
                                }
                            }
                        }
                    }
                },
                "trainer_threads": {
                    "total": 2.6899999998164503e-05,
                    "count": 1,
                    "self": 2.6899999998164503e-05,
                    "children": {
                        "thread_root": {
                            "total": 0.0,
                            "count": 0,
                            "is_parallel": true,
                            "self": 0.0,
                            "children": {
                                "trainer_advance": {
                                    "total": 16.25782949999998,
                                    "count": 1072,
                                    "is_parallel": true,
                                    "self": 0.06781739999993874,
                                    "children": {
                                        "process_trajectory": {
                                            "total": 16.19001210000004,
                                            "count": 1072,
                                            "is_parallel": true,