{
    "name": "root",
    "gauges": {
        "MyBehavior.Policy.Entropy.mean": {
            "value": 1.2590187788009644,
            "min": 1.2590187788009644,
            "max": 1.4199645519256592,
            "count": 30
        },
        "MyBehavior.Environment.EpisodeLength.mean": {
            "value": 268.23809523809524,
            "min": 30.31937682570594,
            "max": 1415.9285714285713,
            "count": 30
        },
        "MyBehavior.Policy.ExtrinsicValueEstimate.mean": {
            "value": 2.4535865783691406,
            "min": -4.251354217529297,
            "max": 3.633478879928589,
            "count": 30
        },
        "MyBehavior.Environment.CumulativeReward.mean": {
            "value": -5.986761636677242,
            "min": -9.22914607687474,
            "max": 15.990478384707655,
            "count": 30
        },
        "MyBehavior.Policy.ExtrinsicReward.mean": {
            "value": -5.986761636677242,
            "min": -9.22914607687474,
            "max": 15.990478384707655,
            "count": 30
        },
        "MyBehavior.Losses.ValueLoss.mean": {
            "value": 0.18080486357212067,
            "min": 0.16389410197734833,
            "max": 31.48190689086914,
            "count": 30
        },
        "MyBehavior.Losses.PolicyLoss.mean": {
            "value": 0.02455144003033638,
            "min": 0.02046380564570427,
            "max": 0.02648506686091423,
            "count": 30
        },
        "MyBehavior.Policy.LearningRate.mean": {
            "value": 4.803569026989862e-06,
            "min": 4.803569026989862e-06,
            "max": 0.00029485681443475187,
            "count": 30
        },
        "MyBehavior.Policy.Epsilon.mean": {
            "value": 0.10160114616155624,
            "min": 0.10160114616155624,
            "max": 0.19828560948371887,
            "count": 30
        },
        "MyBehavior.Policy.Beta.mean": {
            "value": 8.989770867628977e-05,
            "min": 8.989770867628977e-05,
            "max": 0.00491445092484355,
            "count": 30
        },
        "MyBehavior.IsTraining.mean": {
            "value": 1.0,
            "min": 1.0,
            "max": 1.0,
            "count": 30
        }
    },
    "metadata": {
        "timer_format_version": "0.1.0",
        "start_time_seconds": "1597767981",
        "python_version": "3.8.3 (tags/v3.8.3:6f8c832, May 13 2020, 22:37:02) [MSC v.1924 64 bit (AMD64)]",
        "command_line_arguments": "C:\\Python38\\Scripts\\mlagents-learn Behaviour.yaml --run-id=provaaa",
        "mlagents_version": "0.18.0",
        "mlagents_envs_version": "0.18.0",
        "communication_protocol_version": "1.0.0",
        "tensorflow_version": "2.2.0",
        "end_time_seconds": "1597770563"
    },
    "total": 2581.9290515000002,
    "count": 1,
    "self": 0.3403511999999864,
    "children": {
        "run_training.setup": {
            "total": 0.008922500000000166,
            "count": 1,
            "self": 0.008922500000000166
        },
        "TrainerController.start_learning": {
            "total": 2581.5797778,
            "count": 1,
            "self": 67.85203840000713,
            "children": {
                "TrainerController._reset_env": {
                    "total": 8.786442399999999,
                    "count": 1,
                    "self": 8.786442399999999
                },
                "TrainerController.advance": {
                    "total": 2503.3103231999926,
                    "count": 53739,
                    "self": 0.7553846999749112,
                    "children": {
                        "env_step": {
                            "total": 2502.5549385000177,
                            "count": 53739,
                            "self": 2459.193061199962,
                            "children": {
                                "SubprocessEnvManager._take_step": {
                                    "total": 42.60472500002745,
                                    "count": 53739,
                                    "self": 2.9084033000108818,
                                    "children": {
                                        "NNPolicy.evaluate": {
                                            "total": 39.69632170001657,
                                            "count": 41706,
                                            "self": 39.69632170001657
                                        }
                                    }
                                },
                                "workers": {
                                    "total": 0.7571523000284497,
                                    "count": 53739,
                                    "self": 0.0,
                                    "children": {
                                        "worker_root": {
                                            "total": 2568.7717121000346,
                                            "count": 53739,
                                            "is_parallel": true,
                                            "self": 361.8602752000179,
                                            "children": {
                                                "steps_from_proto": {
                                                    "total": 0.001098700000000008,
                                                    "count": 1,
                                                    "is_parallel": true,
                                                    "self": 0.0002702000000009974,
                                                    "children": {
                                                        "_process_vector_observation": {
                                                            "total": 0.0008284999999990106,
                                                            "count": 2,
                                                            "is_parallel": true,
                                                            "self": 0.0008284999999990106
                                                        }
                                                    }
                                                },
                                                "UnityEnvironment.step": {
                                                    "total": 2206.9103382000167,
                                                    "count": 53739,
                                                    "is_parallel": true,
                                                    "self": 7.420943200027523,
                                                    "children": {
                                                        "UnityEnvironment._generate_step_input": {
                                                            "total": 89.37448889998532,
                                                            "count": 53739,
                                                            "is_parallel": true,
                                                            "self": 89.37448889998532
                                                        },
                                                        "communicator.exchange": {
                                                            "total": 2069.7594678999903,
                                                            "count": 53739,
                                                            "is_parallel": true,
                                                            "self": 2069.7594678999903
                                                        },
                                                        "steps_from_proto": {
                                                            "total": 40.355438200013594,
                                                            "count": 53739,
                                                            "is_parallel": true,