{
    "name": "root",
    "metadata": {
        "timer_format_version": "0.1.0",
        "start_time_seconds": "1596048385",
        "python_version": "3.8.3 (tags/v3.8.3:6f8c832, May 13 2020, 22:37:02) [MSC v.1924 64 bit (AMD64)]",
        "command_line_arguments": "C:\\Python38\\Scripts\\mlagents-learn configuration.yaml --run-id=TestNormale3",
        "mlagents_version": "0.18.0",
        "mlagents_envs_version": "0.18.0",
        "communication_protocol_version": "1.0.0",
        "tensorflow_version": "2.2.0",
        "end_time_seconds": "1596048405"
    },
    "total": 20.1875508,
    "count": 1,
    "self": 0.013516799999997886,
    "children": {
        "run_training.setup": {
            "total": 0.0076784999999999215,
            "count": 1,
            "self": 0.0076784999999999215
        },
        "TrainerController.start_learning": {
            "total": 20.1663555,
            "count": 1,
            "self": 2.057055600000009,
            "children": {
                "TrainerController._reset_env": {
                    "total": 8.6767816,
                    "count": 1,
                    "self": 8.6767816
                },
                "TrainerController.advance": {
                    "total": 7.591442699999995,
                    "count": 263,
                    "self": 0.003347800000025103,
                    "children": {
                        "env_step": {
                            "total": 7.5880948999999696,
                            "count": 263,
                            "self": 7.3725955999999275,
                            "children": {
                                "SubprocessEnvManager._take_step": {
                                    "total": 0.21242750000004307,
                                    "count": 263,
                                    "self": 0.011438000000046245,
                                    "children": {
                                        "NNPolicy.evaluate": {
                                            "total": 0.20098949999999682,
                                            "count": 187,
                                            "self": 0.20098949999999682
                                        }
                                    }
                                },
                                "workers": {
                                    "total": 0.0030717999999989587,
                                    "count": 262,
                                    "self": 0.0,
                                    "children": {
                                        "worker_root": {
                                            "total": 9.133084499999974,
                                            "count": 262,
                                            "is_parallel": true,
                                            "self": 2.2396122999999832,
                                            "children": {
                                                "steps_from_proto": {
                                                    "total": 0.0008997000000015021,
                                                    "count": 1,
                                                    "is_parallel": true,
                                                    "self": 0.00014470000000166294,
                                                    "children": {
                                                        "_process_vector_observation": {
                                                            "total": 0.0007549999999998391,
                                                            "count": 2,
                                                            "is_parallel": true,
                                                            "self": 0.0007549999999998391
                                                        }
                                                    }
                                                },
                                                "UnityEnvironment.step": {
                                                    "total": 6.892572499999989,
                                                    "count": 262,
                                                    "is_parallel": true,
                                                    "self": 0.027661299999969913,
                                                    "children": {
                                                        "UnityEnvironment._generate_step_input": {
                                                            "total": 0.21627900000001077,
                                                            "count": 262,
                                                            "is_parallel": true,
                                                            "self": 0.21627900000001077
                                                        },
                                                        "communicator.exchange": {
                                                            "total": 6.511969299999999,
                                                            "count": 262,
                                                            "is_parallel": true,
                                                            "self": 6.511969299999999
                                                        },
                                                        "steps_from_proto": {
                                                            "total": 0.1366629000000099,
                                                            "count": 262,
                                                            "is_parallel": true,
                                                            "self": 0.028221700000006678,
                                                            "children": {
                                                                "_process_vector_observation": {
                                                                    "total": 0.10844120000000324,
                                                                    "count": 524,
                                                                    "is_parallel": true,
                                                                    "self": 0.10844120000000324
                                                                }
                                                            }
                                                        }
                                                    }
                                                }
                                            }
                                        }
                                    }
                                }
                            }
                        }
                    }
                },
                "trainer_threads": {
                    "total": 2.1700000001345643e-05,
                    "count": 1,
                    "self": 2.1700000001345643e-05,
                    "children": {
                        "thread_root": {
                            "total": 0.0,
                            "count": 0,
                            "is_parallel": true,
                            "self": 0.0,
                            "children": {
                                "trainer_advance": {
                                    "total": 7.616873600000135,
                                    "count": 3584,
                                    "is_parallel": true,
                                    "self": 0.11796510000009697,
                                    "children": {
                                        "process_trajectory": {
                                            "total": 7.498908500000038,
                                            "count": 3584,
                                            "is_parallel": true,