{
    "name": "root",
    "gauges": {
        "MyBehavior.Policy.Entropy.mean": {
            "value": 1.150604248046875,
            "min": 1.150604248046875,
            "max": 1.4154409170150757,
            "count": 20
        },
        "MyBehavior.Environment.EpisodeLength.mean": {
            "value": 782.6838709677419,
            "min": 15.01604621309371,
            "max": 782.6838709677419,
            "count": 20
        },
        "MyBehavior.Policy.ExtrinsicValueEstimate.mean": {
            "value": 2.2175021171569824,
            "min": -3.6184310913085938,
            "max": 2.2175021171569824,
            "count": 20
        },
        "MyBehavior.Environment.CumulativeReward.mean": {
            "value": 20.71464438592234,
            "min": -4.479608464233375,
            "max": 20.71464438592234,
            "count": 20
        },
        "MyBehavior.Policy.ExtrinsicReward.mean": {
            "value": 20.71464438592234,
            "min": -4.479608464233375,
            "max": 20.71464438592234,
            "count": 20
        },
        "MyBehavior.Losses.ValueLoss.mean": {
            "value": 0.5832673907279968,
            "min": 0.5430707335472107,
            "max": 5.7284770011901855,
            "count": 20
        },
        "MyBehavior.Losses.PolicyLoss.mean": {
            "value": 0.024019606411457062,
            "min": 0.0218837708234787,
            "max": 0.025583907961845398,
            "count": 20
        },
        "MyBehavior.Policy.LearningRate.mean": {
            "value": 7.1750932875147555e-06,
            "min": 7.1750932875147555e-06,
            "max": 0.0002922964049503207,
            "count": 20
        },
        "MyBehavior.Policy.Epsilon.mean": {
            "value": 0.10239167511463165,
            "min": 0.10239167511463165,
            "max": 0.19743213057518005,
            "count": 20
        },
        "MyBehavior.Policy.Beta.mean": {
            "value": 0.00012934407277498394,
            "min": 0.00012934407277498394,
            "max": 0.004871862940490246,
            "count": 20
        },
        "MyBehavior.IsTraining.mean": {
            "value": 1.0,
            "min": 1.0,
            "max": 1.0,
            "count": 20
        }
    },
    "metadata": {
        "timer_format_version": "0.1.0",
        "start_time_seconds": "1597356831",
        "python_version": "3.8.3 (tags/v3.8.3:6f8c832, May 13 2020, 22:37:02) [MSC v.1924 64 bit (AMD64)]",
        "command_line_arguments": "C:\\Python38\\Scripts\\mlagents-learn configuration.yaml --run-id=Dacancellare5",
        "mlagents_version": "0.18.0",
        "mlagents_envs_version": "0.18.0",
        "communication_protocol_version": "1.0.0",
        "tensorflow_version": "2.2.0",
        "end_time_seconds": "1597358514"
    },
    "total": 1683.3880407000001,
    "count": 1,
    "self": 0.3297883000002457,
    "children": {
        "run_training.setup": {
            "total": 0.009100099999999944,
            "count": 1,
            "self": 0.009100099999999944
        },
        "TrainerController.start_learning": {
            "total": 1683.0491522999998,
            "count": 1,
            "self": 42.80447199999935,
            "children": {
                "TrainerController._reset_env": {
                    "total": 11.999558100000002,
                    "count": 1,
                    "self": 11.999558100000002
                },
                "TrainerController.advance": {
                    "total": 1626.6301659000003,
                    "count": 35362,
                    "self": 0.5651023999919289,
                    "children": {
                        "env_step": {
                            "total": 1626.0650635000084,
                            "count": 35362,
                            "self": 1591.9162252000087,
                            "children": {
                                "SubprocessEnvManager._take_step": {
                                    "total": 33.63343890000583,
                                    "count": 35362,
                                    "self": 2.2772117000173004,
                                    "children": {
                                        "NNPolicy.evaluate": {
                                            "total": 31.356227199988528,
                                            "count": 20875,
                                            "self": 31.356227199988528
                                        }
                                    }
                                },
                                "workers": {
                                    "total": 0.5153993999936901,
                                    "count": 35362,
                                    "self": 0.0,
                                    "children": {
                                        "worker_root": {
                                            "total": 1667.4308169999933,
                                            "count": 35362,
                                            "is_parallel": true,
                                            "self": 267.75134229999253,
                                            "children": {
                                                "steps_from_proto": {
                                                    "total": 0.0015303000000006506,
                                                    "count": 1,
                                                    "is_parallel": true,
                                                    "self": 0.00020860000000055834,
                                                    "children": {
                                                        "_process_vector_observation": {
                                                            "total": 0.0013217000000000922,
                                                            "count": 2,
                                                            "is_parallel": true,
                                                            "self": 0.0013217000000000922
                                                        }
                                                    }
                                                },
                                                "UnityEnvironment.step": {
                                                    "total": 1399.6779444000008,
                                                    "count": 35362,
                                                    "is_parallel": true,
                                                    "self": 5.856261000021732,
                                                    "children": {
                                                        "UnityEnvironment._generate_step_input": {
                                                            "total": 67.05943979998938,
                                                            "count": 35362,
                                                            "is_parallel": true,
                                                            "self": 67.05943979998938
                                                        },
                                                        "communicator.exchange": {
                                                            "total": 1297.187775499996,
                                                            "count": 35362,
                                                            "is_parallel": true,
                                                            "self": 1297.187775499996
                                                        },
                                                        "steps_from_proto": {
                                                            "total": 29.574468099993677,
                                                            "count": 35362,
                                                            "is_parallel": true,