{
    "name": "root",
    "metadata": {
        "timer_format_version": "0.1.0",
        "start_time_seconds": "1597778692",
        "python_version": "3.8.3 (tags/v3.8.3:6f8c832, May 13 2020, 22:37:02) [MSC v.1924 64 bit (AMD64)]",
        "command_line_arguments": "C:\\Python38\\Scripts\\mlagents-learn Behaviour.yaml --run-id=Dacancellare5",
        "mlagents_version": "0.18.0",
        "mlagents_envs_version": "0.18.0",
        "communication_protocol_version": "1.0.0",
        "tensorflow_version": "2.2.0",
        "end_time_seconds": "1597778742"
    },
    "total": 49.3874301,
    "count": 1,
    "self": 0.014289099999999166,
    "children": {
        "run_training.setup": {
            "total": 0.008313599999999699,
            "count": 1,
            "self": 0.008313599999999699
        },
        "TrainerController.start_learning": {
            "total": 49.3648274,
            "count": 1,
            "self": 2.932876300000089,
            "children": {
                "TrainerController._reset_env": {
                    "total": 8.9138826,
                    "count": 1,
                    "self": 8.9138826
                },
                "TrainerController.advance": {
                    "total": 35.79977819999991,
                    "count": 3702,
                    "self": 0.048355999999834864,
                    "children": {
                        "env_step": {
                            "total": 35.75142220000008,
                            "count": 3702,
                            "self": 33.38979150000014,
                            "children": {
                                "SubprocessEnvManager._take_step": {
                                    "total": 2.3144245999998105,
                                    "count": 3702,
                                    "self": 0.09387209999968249,
                                    "children": {
                                        "NNPolicy.evaluate": {
                                            "total": 2.220552500000128,
                                            "count": 3411,
                                            "self": 2.220552500000128
                                        }
                                    }
                                },
                                "workers": {
                                    "total": 0.04720610000012826,
                                    "count": 3701,
                                    "self": 0.0,
                                    "children": {
                                        "worker_root": {
                                            "total": 38.050963099999954,
                                            "count": 3701,
                                            "is_parallel": true,
                                            "self": 8.557118399999908,
                                            "children": {
                                                "steps_from_proto": {
                                                    "total": 0.00025399999999997647,
                                                    "count": 1,
                                                    "is_parallel": true,
                                                    "self": 7.499999999893703e-05,
                                                    "children": {
                                                        "_process_vector_observation": {
                                                            "total": 0.00017900000000103944,
                                                            "count": 2,
                                                            "is_parallel": true,
                                                            "self": 0.00017900000000103944
                                                        }
                                                    }
                                                },
                                                "UnityEnvironment.step": {
                                                    "total": 29.49359070000005,
                                                    "count": 3701,
                                                    "is_parallel": true,
                                                    "self": 0.24328720000012538,
                                                    "children": {
                                                        "UnityEnvironment._generate_step_input": {
                                                            "total": 0.4477071000000272,
                                                            "count": 3701,
                                                            "is_parallel": true,
                                                            "self": 0.4477071000000272
                                                        },
                                                        "communicator.exchange": {
                                                            "total": 28.176264200000123,
                                                            "count": 3701,
                                                            "is_parallel": true,
                                                            "self": 28.176264200000123
                                                        },
                                                        "steps_from_proto": {
                                                            "total": 0.6263321999997711,
                                                            "count": 3701,
                                                            "is_parallel": true,
                                                            "self": 0.26134809999963515,
                                                            "children": {
                                                                "_process_vector_observation": {
                                                                    "total": 0.3649841000001359,
                                                                    "count": 7402,
                                                                    "is_parallel": true,
                                                                    "self": 0.3649841000001359
                                                                }
                                                            }
                                                        }
                                                    }
                                                }
                                            }
                                        }
                                    }
                                }
                            }
                        }
                    }
                },
                "trainer_threads": {
                    "total": 3.6899999997785926e-05,
                    "count": 1,
                    "self": 3.6899999997785926e-05,
                    "children": {
                        "thread_root": {
                            "total": 0.0,
                            "count": 0,
                            "is_parallel": true,
                            "self": 0.0,
                            "children": {
                                "trainer_advance": {
                                    "total": 36.75753549999986,
                                    "count": 2740,
                                    "is_parallel": true,
                                    "self": 0.16844859999985573,
                                    "children": {
                                        "process_trajectory": {
                                            "total": 36.589086900000005,
                                            "count": 2740,
                                            "is_parallel": true,