{
    "name": "root",
    "metadata": {
        "timer_format_version": "0.1.0",
        "start_time_seconds": "1596048320",
        "python_version": "3.8.3 (tags/v3.8.3:6f8c832, May 13 2020, 22:37:02) [MSC v.1924 64 bit (AMD64)]",
        "command_line_arguments": "C:\\Python38\\Scripts\\mlagents-learn configuration.yaml --run-id=TestNormale1",
        "mlagents_version": "0.18.0",
        "mlagents_envs_version": "0.18.0",
        "communication_protocol_version": "1.0.0",
        "tensorflow_version": "2.2.0",
        "end_time_seconds": "1596048343"
    },
    "total": 22.0218542,
    "count": 1,
    "self": 0.010770299999997235,
    "children": {
        "run_training.setup": {
            "total": 0.008096000000000103,
            "count": 1,
            "self": 0.008096000000000103
        },
        "TrainerController.start_learning": {
            "total": 22.0029879,
            "count": 1,
            "self": 2.0560808999999836,
            "children": {
                "TrainerController._reset_env": {
                    "total": 12.7938009,
                    "count": 1,
                    "self": 12.7938009
                },
                "TrainerController.advance": {
                    "total": 5.40632100000002,
                    "count": 180,
                    "self": 0.0020954000000337203,
                    "children": {
                        "env_step": {
                            "total": 5.404225599999986,
                            "count": 180,
                            "self": 5.238370199999963,
                            "children": {
                                "SubprocessEnvManager._take_step": {
                                    "total": 0.1638039000000191,
                                    "count": 180,
                                    "self": 0.007735100000012096,
                                    "children": {
                                        "NNPolicy.evaluate": {
                                            "total": 0.156068800000007,
                                            "count": 124,
                                            "self": 0.156068800000007
                                        }
                                    }
                                },
                                "workers": {
                                    "total": 0.0020515000000038697,
                                    "count": 179,
                                    "self": 0.0,
                                    "children": {
                                        "worker_root": {
                                            "total": 6.892646099999972,
                                            "count": 179,
                                            "is_parallel": true,
                                            "self": 1.9785991999999908,
                                            "children": {
                                                "steps_from_proto": {
                                                    "total": 0.0008464999999997502,
                                                    "count": 1,
                                                    "is_parallel": true,
                                                    "self": 0.00021580000000120947,
                                                    "children": {
                                                        "_process_vector_observation": {
                                                            "total": 0.0006306999999985408,
                                                            "count": 2,
                                                            "is_parallel": true,
                                                            "self": 0.0006306999999985408
                                                        }
                                                    }
                                                },
                                                "UnityEnvironment.step": {
                                                    "total": 4.913200399999981,
                                                    "count": 179,
                                                    "is_parallel": true,
                                                    "self": 0.019238299999990716,
                                                    "children": {
                                                        "UnityEnvironment._generate_step_input": {
                                                            "total": 0.15126579999998313,
                                                            "count": 179,
                                                            "is_parallel": true,
                                                            "self": 0.15126579999998313
                                                        },
                                                        "communicator.exchange": {
                                                            "total": 4.64604130000002,
                                                            "count": 179,
                                                            "is_parallel": true,
                                                            "self": 4.64604130000002
                                                        },
                                                        "steps_from_proto": {
                                                            "total": 0.09665499999998772,
                                                            "count": 179,
                                                            "is_parallel": true,
                                                            "self": 0.020019000000003118,
                                                            "children": {
                                                                "_process_vector_observation": {
                                                                    "total": 0.0766359999999846,
                                                                    "count": 358,
                                                                    "is_parallel": true,
                                                                    "self": 0.0766359999999846
                                                                }
                                                            }
                                                        }
                                                    }
                                                }
                                            }
                                        }
                                    }
                                }
                            }
                        }
                    }
                },
                "trainer_threads": {
                    "total": 2.019999999802735e-05,
                    "count": 1,
                    "self": 2.019999999802735e-05,
                    "children": {
                        "thread_root": {
                            "total": 0.0,
                            "count": 0,
                            "is_parallel": true,
                            "self": 0.0,
                            "children": {
                                "trainer_advance": {
                                    "total": 5.419988699999884,
                                    "count": 2568,
                                    "is_parallel": true,
                                    "self": 0.08436239999996431,
                                    "children": {
                                        "process_trajectory": {
                                            "total": 5.3356262999999196,
                                            "count": 2568,
                                            "is_parallel": true,