{
    "name": "root",
    "gauges": {
        "MyBehavior.Policy.Entropy.mean": {
            "value": 1.412445306777954,
            "min": 1.412445306777954,
            "max": 1.416684627532959,
            "count": 2
        },
        "MyBehavior.Environment.EpisodeLength.mean": {
            "value": 70.21529745042493,
            "min": 61.77249357326478,
            "max": 70.21529745042493,
            "count": 2
        },
        "MyBehavior.Policy.ExtrinsicValueEstimate.mean": {
            "value": -5.4912109375,
            "min": -7.3966240882873535,
            "max": -5.4912109375,
            "count": 2
        },
        "MyBehavior.Environment.CumulativeReward.mean": {
            "value": -1.4431203821872143,
            "min": -1.891902173392877,
            "max": -1.4431203821872143,
            "count": 2
        },
        "MyBehavior.Policy.ExtrinsicReward.mean": {
            "value": -1.4431203821872143,
            "min": -1.891902173392877,
            "max": -1.4431203821872143,
            "count": 2
        },
        "MyBehavior.Losses.ValueLoss.mean": {
            "value": 5.561705112457275,
            "min": 5.561705112457275,
            "max": 21.21413803100586,
            "count": 2
        },
        "MyBehavior.Losses.PolicyLoss.mean": {
            "value": 0.023742666468024254,
            "min": 0.023485234007239342,
            "max": 0.023742666468024254,
            "count": 2
        },
        "MyBehavior.Policy.LearningRate.mean": {
            "value": 8.43180823721923e-05,
            "min": 8.43180823721923e-05,
            "max": 0.00022295329836197197,
            "count": 2
        },
        "MyBehavior.Policy.Epsilon.mean": {
            "value": 0.1281059980392456,
            "min": 0.1281059980392456,
            "max": 0.17431774735450745,
            "count": 2
        },
        "MyBehavior.Policy.Beta.mean": {
            "value": 0.0014124892186373472,
            "min": 0.0014124892186373472,
            "max": 0.0037184557877480984,
            "count": 2
        },
        "MyBehavior.IsTraining.mean": {
            "value": 1.0,
            "min": 1.0,
            "max": 1.0,
            "count": 2
        }
    },
    "metadata": {
        "timer_format_version": "0.1.0",
        "start_time_seconds": "1595538244",
        "python_version": "3.8.3 (tags/v3.8.3:6f8c832, May 13 2020, 22:37:02) [MSC v.1924 64 bit (AMD64)]",
        "command_line_arguments": "C:\\Python38\\Scripts\\mlagents-learn .\\configuration.yaml --run-id=Test18",
        "mlagents_version": "0.18.0",
        "mlagents_envs_version": "0.18.0",
        "communication_protocol_version": "1.0.0",
        "tensorflow_version": "2.2.0",
        "end_time_seconds": "1595538419"
    },
    "total": 174.9129222,
    "count": 1,
    "self": 0.3464701000000048,
    "children": {
        "run_training.setup": {
            "total": 0.008955100000000105,
            "count": 1,
            "self": 0.008955100000000105
        },
        "TrainerController.start_learning": {
            "total": 174.55749699999998,
            "count": 1,
            "self": 6.034243100001191,
            "children": {
                "TrainerController._reset_env": {
                    "total": 6.6744541,
                    "count": 1,
                    "self": 6.6744541
                },
                "TrainerController.advance": {
                    "total": 160.4838803999988,
                    "count": 8336,
                    "self": 0.10696859999907815,
                    "children": {
                        "env_step": {
                            "total": 160.37691179999973,
                            "count": 8336,
                            "self": 153.7241544000006,
                            "children": {
                                "SubprocessEnvManager._take_step": {
                                    "total": 6.542217799999813,
                                    "count": 8336,
                                    "self": 0.2714843000001821,
                                    "children": {
                                        "NNPolicy.evaluate": {
                                            "total": 6.270733499999631,
                                            "count": 7174,
                                            "self": 6.270733499999631
                                        }
                                    }
                                },
                                "workers": {
                                    "total": 0.11053959999932239,
                                    "count": 8336,
                                    "self": 0.0,
                                    "children": {
                                        "worker_root": {
                                            "total": 165.60106899999965,
                                            "count": 8336,
                                            "is_parallel": true,
                                            "self": 28.028399900000323,
                                            "children": {
                                                "steps_from_proto": {
                                                    "total": 0.00045450000000002433,
                                                    "count": 1,
                                                    "is_parallel": true,
                                                    "self": 0.00010219999999971918,
                                                    "children": {
                                                        "_process_vector_observation": {
                                                            "total": 0.00035230000000030515,
                                                            "count": 2,
                                                            "is_parallel": true,
                                                            "self": 0.00035230000000030515
                                                        }
                                                    }
                                                },
                                                "UnityEnvironment.step": {
                                                    "total": 137.57221459999934,
                                                    "count": 8336,
                                                    "is_parallel": true,
                                                    "self": 0.6864682999988645,
                                                    "children": {
                                                        "UnityEnvironment._generate_step_input": {
                                                            "total": 3.177681599999925,
                                                            "count": 8336,
                                                            "is_parallel": true,
                                                            "self": 3.177681599999925
                                                        },
                                                        "communicator.exchange": {
                                                            "total": 131.22196600000044,
                                                            "count": 8336,
                                                            "is_parallel": true,
                                                            "self": 131.22196600000044
                                                        },
                                                        "steps_from_proto": {
                                                            "total": 2.486098700000115,
                                                            "count": 8336,
                                                            "is_parallel": true,
                                                            "self": 0.720041900000524,