{
    "name": "root",
    "gauges": {
        "MyBehavior.Policy.Entropy.mean": {
            "value": 1.1222220659255981,
            "min": 1.1222220659255981,
            "max": 1.4158200025558472,
            "count": 20
        },
        "MyBehavior.Environment.EpisodeLength.mean": {
            "value": 725.88125,
            "min": 16.161546427338624,
            "max": 725.88125,
            "count": 20
        },
        "MyBehavior.Policy.ExtrinsicValueEstimate.mean": {
            "value": 3.708533763885498,
            "min": -2.637707471847534,
            "max": 3.708533763885498,
            "count": 20
        },
        "MyBehavior.Environment.CumulativeReward.mean": {
            "value": 31.29406558871269,
            "min": -4.191886757931807,
            "max": 31.29406558871269,
            "count": 20
        },
        "MyBehavior.Policy.ExtrinsicReward.mean": {
            "value": 31.29406558871269,
            "min": -4.191886757931807,
            "max": 31.29406558871269,
            "count": 20
        },
        "MyBehavior.Losses.ValueLoss.mean": {
            "value": 0.8965583443641663,
            "min": 0.6276251077651978,
            "max": 8.104400634765625,
            "count": 20
        },
        "MyBehavior.Losses.PolicyLoss.mean": {
            "value": 0.023765239864587784,
            "min": 0.021660827100276947,
            "max": 0.025470349937677383,
            "count": 20
        },
        "MyBehavior.Policy.LearningRate.mean": {
            "value": 7.72548264649231e-06,
            "min": 7.72548264649231e-06,
            "max": 0.000292288139462471,
            "count": 20
        },
        "MyBehavior.Policy.Epsilon.mean": {
            "value": 0.10257513076066971,
            "min": 0.10257513076066971,
            "max": 0.197429358959198,
            "count": 20
        },
        "MyBehavior.Policy.Beta.mean": {
            "value": 0.0001384988718200475,
            "min": 0.0001384988718200475,
            "max": 0.004871725104749203,
            "count": 20
        },
        "MyBehavior.IsTraining.mean": {
            "value": 1.0,
            "min": 1.0,
            "max": 1.0,
            "count": 20
        }
    },
    "metadata": {
        "timer_format_version": "0.1.0",
        "start_time_seconds": "1598054365",
        "python_version": "3.8.3 (tags/v3.8.3:6f8c832, May 13 2020, 22:37:02) [MSC v.1924 64 bit (AMD64)]",
        "command_line_arguments": "C:\\Python38\\Scripts\\mlagents-learn configuration.yaml --run-id=TestMisto",
        "mlagents_version": "0.18.0",
        "mlagents_envs_version": "0.18.0",
        "communication_protocol_version": "1.0.0",
        "tensorflow_version": "2.2.0",
        "end_time_seconds": "1598055950"
    },
    "total": 1585.2853593,
    "count": 1,
    "self": 0.2883954999999787,
    "children": {
        "run_training.setup": {
            "total": 0.008014499999999813,
            "count": 1,
            "self": 0.008014499999999813
        },
        "TrainerController.start_learning": {
            "total": 1584.9889493,
            "count": 1,
            "self": 45.305489000007356,
            "children": {
                "TrainerController._reset_env": {
                    "total": 11.3249131,
                    "count": 1,
                    "self": 11.3249131
                },
                "TrainerController.advance": {
                    "total": 1526.8605744999927,
                    "count": 32118,
                    "self": 0.4805376000090291,
                    "children": {
                        "env_step": {
                            "total": 1526.3800368999837,
                            "count": 32118,
                            "self": 1497.807147099984,
                            "children": {
                                "SubprocessEnvManager._take_step": {
                                    "total": 28.123160100008707,
                                    "count": 32118,
                                    "self": 1.9729926000009428,
                                    "children": {
                                        "NNPolicy.evaluate": {
                                            "total": 26.150167500007765,
                                            "count": 20875,
                                            "self": 26.150167500007765
                                        }
                                    }
                                },
                                "workers": {
                                    "total": 0.4497296999909466,
                                    "count": 32118,
                                    "self": 0.0,
                                    "children": {
                                        "worker_root": {
                                            "total": 1570.4459488000127,
                                            "count": 32118,
                                            "is_parallel": true,
                                            "self": 246.5708458999975,
                                            "children": {
                                                "steps_from_proto": {
                                                    "total": 0.0014927999999994057,
                                                    "count": 1,
                                                    "is_parallel": true,
                                                    "self": 0.00024160000000073012,
                                                    "children": {
                                                        "_process_vector_observation": {
                                                            "total": 0.0012511999999986756,
                                                            "count": 2,
                                                            "is_parallel": true,
                                                            "self": 0.0012511999999986756
                                                        }
                                                    }
                                                },
                                                "UnityEnvironment.step": {
                                                    "total": 1323.8736101000152,
                                                    "count": 32118,
                                                    "is_parallel": true,
                                                    "self": 5.138112000008277,
                                                    "children": {
                                                        "UnityEnvironment._generate_step_input": {
                                                            "total": 60.56380370001167,
                                                            "count": 32118,
                                                            "is_parallel": true,
                                                            "self": 60.56380370001167
                                                        },
                                                        "communicator.exchange": {
                                                            "total": 1230.6242755999988,
                                                            "count": 32118,
                                                            "is_parallel": true,
                                                            "self": 1230.6242755999988
                                                        },
                                                        "steps_from_proto": {
                                                            "total": 27.54741879999638,
                                                            "count": 32118,
                                                            "is_parallel": true,
                                                            "self": 5.1768078999882405,