{
    "name": "root",
    "gauges": {
        "MyBehavior.Policy.Entropy.mean": {
            "value": 1.2608879804611206,
            "min": 1.2608879804611206,
            "max": 1.410563588142395,
            "count": 10
        },
        "MyBehavior.Environment.EpisodeLength.mean": {
            "value": 507.78823529411767,
            "min": 20.926932501670752,
            "max": 599.1585365853658,
            "count": 10
        },
        "MyBehavior.Policy.ExtrinsicValueEstimate.mean": {
            "value": 3.18099045753479,
            "min": -3.12448787689209,
            "max": 3.18099045753479,
            "count": 10
        },
        "MyBehavior.Environment.CumulativeReward.mean": {
            "value": 20.640060592115972,
            "min": -3.9541016600783574,
            "max": 24.723008610719553,
            "count": 10
        },
        "MyBehavior.Policy.ExtrinsicReward.mean": {
            "value": 20.640060592115972,
            "min": -3.9541016600783574,
            "max": 24.723008610719553,
            "count": 10
        },
        "MyBehavior.Losses.ValueLoss.mean": {
            "value": 0.9400296211242676,
            "min": 0.8329688310623169,
            "max": 2.2871782779693604,
            "count": 10
        },
        "MyBehavior.Losses.PolicyLoss.mean": {
            "value": 0.024095972999930382,
            "min": 0.021450990810990334,
            "max": 0.024597950279712677,
            "count": 10
        },
        "MyBehavior.Policy.LearningRate.mean": {
            "value": 1.413084646628704e-05,
            "min": 1.413084646628704e-05,
            "max": 0.0002845877897925675,
            "count": 10
        },
        "MyBehavior.Policy.Epsilon.mean": {
            "value": 0.10471024364233017,
            "min": 0.10471024364233017,
            "max": 0.19486260414123535,
            "count": 10
        },
        "MyBehavior.Policy.Beta.mean": {
            "value": 0.0002450414758641273,
            "min": 0.0002450414758641273,
            "max": 0.00474364310503006,
            "count": 10
        },
        "MyBehavior.IsTraining.mean": {
            "value": 1.0,
            "min": 1.0,
            "max": 1.0,
            "count": 10
        }
    },
    "metadata": {
        "timer_format_version": "0.1.0",
        "start_time_seconds": "1597797546",
        "python_version": "3.8.3 (tags/v3.8.3:6f8c832, May 13 2020, 22:37:02) [MSC v.1924 64 bit (AMD64)]",
        "command_line_arguments": "C:\\Python38\\Scripts\\mlagents-learn Behaviour.yaml --run-id=TestMisto",
        "mlagents_version": "0.18.0",
        "mlagents_envs_version": "0.18.0",
        "communication_protocol_version": "1.0.0",
        "tensorflow_version": "2.2.0",
        "end_time_seconds": "1597798298"
    },
    "total": 752.2508813000001,
    "count": 1,
    "self": 0.3404154000000972,
    "children": {
        "run_training.setup": {
            "total": 0.008022400000000207,
            "count": 1,
            "self": 0.008022400000000207
        },
        "TrainerController.start_learning": {
            "total": 751.9024435,
            "count": 1,
            "self": 24.152950500001566,
            "children": {
                "TrainerController._reset_env": {
                    "total": 11.6442567,
                    "count": 1,
                    "self": 11.6442567
                },
                "TrainerController.advance": {
                    "total": 714.7133735999985,
                    "count": 17599,
                    "self": 0.2395108999921831,
                    "children": {
                        "env_step": {
                            "total": 714.4738627000063,
                            "count": 17599,
                            "self": 701.8459585999985,
                            "children": {
                                "SubprocessEnvManager._take_step": {
                                    "total": 12.389210300007061,
                                    "count": 17599,
                                    "self": 0.9254245000108661,
                                    "children": {
                                        "NNPolicy.evaluate": {
                                            "total": 11.463785799996195,
                                            "count": 10453,
                                            "self": 11.463785799996195
                                        }
                                    }
                                },
                                "workers": {
                                    "total": 0.23869380000069818,
                                    "count": 17599,
                                    "self": 0.0,
                                    "children": {
                                        "worker_root": {
                                            "total": 737.6800095000004,
                                            "count": 17599,
                                            "is_parallel": true,
                                            "self": 121.14067050000403,
                                            "children": {
                                                "steps_from_proto": {
                                                    "total": 0.0011042000000003327,
                                                    "count": 1,
                                                    "is_parallel": true,
                                                    "self": 0.0001907000000009873,
                                                    "children": {
                                                        "_process_vector_observation": {
                                                            "total": 0.0009134999999993454,
                                                            "count": 2,
                                                            "is_parallel": true,
                                                            "self": 0.0009134999999993454
                                                        }
                                                    }
                                                },
                                                "UnityEnvironment.step": {
                                                    "total": 616.5382347999964,
                                                    "count": 17599,
                                                    "is_parallel": true,
                                                    "self": 2.4192089000005126,
                                                    "children": {
                                                        "UnityEnvironment._generate_step_input": {
                                                            "total": 28.841757000002183,
                                                            "count": 17599,
                                                            "is_parallel": true,
                                                            "self": 28.841757000002183
                                                        },
                                                        "communicator.exchange": {
                                                            "total": 572.0482476999986,
                                                            "count": 17599,
                                                            "is_parallel": true,
                                                            "self": 572.0482476999986
                                                        },
                                                        "steps_from_proto": {
                                                            "total": 13.229021199995188,
                                                            "count": 17599,
                                                            "is_parallel": true,