{
    "name": "root",
    "gauges": {
        "MyBehavior.Policy.Entropy.mean": {
            "value": 1.171769618988037,
            "min": 1.171769618988037,
            "max": 1.4075355529785156,
            "count": 20
        },
        "MyBehavior.Environment.EpisodeLength.mean": {
            "value": 933.2429906542056,
            "min": 29.808999676270638,
            "max": 933.2429906542056,
            "count": 20
        },
        "MyBehavior.Policy.ExtrinsicValueEstimate.mean": {
            "value": 4.8100504875183105,
            "min": -2.30936598777771,
            "max": 4.821841716766357,
            "count": 20
        },
        "MyBehavior.Environment.CumulativeReward.mean": {
            "value": 46.00420959864822,
            "min": -3.5121599532316385,
            "max": 46.00420959864822,
            "count": 20
        },
        "MyBehavior.Policy.ExtrinsicReward.mean": {
            "value": 46.00420959864822,
            "min": -3.5121599532316385,
            "max": 46.00420959864822,
            "count": 20
        },
        "MyBehavior.Losses.ValueLoss.mean": {
            "value": 0.1375097632408142,
            "min": 0.10466935485601425,
            "max": 1.7675291299819946,
            "count": 20
        },
        "MyBehavior.Losses.PolicyLoss.mean": {
            "value": 0.023923426866531372,
            "min": 0.021750615909695625,
            "max": 0.02487471140921116,
            "count": 20
        },
        "MyBehavior.Policy.LearningRate.mean": {
            "value": 7.725116120127495e-06,
            "min": 7.725116120127495e-06,
            "max": 0.00029228709172457457,
            "count": 20
        },
        "MyBehavior.Policy.Epsilon.mean": {
            "value": 0.10257500410079956,
            "min": 0.10257500410079956,
            "max": 0.19742904603481293,
            "count": 20
        },
        "MyBehavior.Policy.Beta.mean": {
            "value": 0.0001384927745675668,
            "min": 0.0001384927745675668,
            "max": 0.004871709272265434,
            "count": 20
        },
        "MyBehavior.IsTraining.mean": {
            "value": 1.0,
            "min": 1.0,
            "max": 1.0,
            "count": 20
        }
    },
    "metadata": {
        "timer_format_version": "0.1.0",
        "start_time_seconds": "1596488777",
        "python_version": "3.8.3 (tags/v3.8.3:6f8c832, May 13 2020, 22:37:02) [MSC v.1924 64 bit (AMD64)]",
        "command_line_arguments": "C:\\Python38\\Scripts\\mlagents-learn configuration.yaml --run-id=7Test",
        "mlagents_version": "0.18.0",
        "mlagents_envs_version": "0.18.0",
        "communication_protocol_version": "1.0.0",
        "tensorflow_version": "2.2.0",
        "end_time_seconds": "1596490433"
    },
    "total": 1655.7519889999999,
    "count": 1,
    "self": 0.3396253999999317,
    "children": {
        "run_training.setup": {
            "total": 0.0079214000000003,
            "count": 1,
            "self": 0.0079214000000003
        },
        "TrainerController.start_learning": {
            "total": 1655.4044422,
            "count": 1,
            "self": 35.722473700005594,
            "children": {
                "TrainerController._reset_env": {
                    "total": 20.8585992,
                    "count": 1,
                    "self": 20.8585992
                },
                "TrainerController.advance": {
                    "total": 1597.2406193999946,
                    "count": 25492,
                    "self": 0.40913530000693754,
                    "children": {
                        "env_step": {
                            "total": 1596.8314840999876,
                            "count": 25492,
                            "self": 1566.0529105999872,
                            "children": {
                                "SubprocessEnvManager._take_step": {
                                    "total": 30.428759500001778,
                                    "count": 25492,
                                    "self": 2.0968188999984925,
                                    "children": {
                                        "NNPolicy.evaluate": {
                                            "total": 28.331940600003286,
                                            "count": 20878,
                                            "self": 28.331940600003286
                                        }
                                    }
                                },
                                "workers": {
                                    "total": 0.34981399999873375,
                                    "count": 25492,
                                    "self": 0.0,
                                    "children": {
                                        "worker_root": {
                                            "total": 1631.3499384000033,
                                            "count": 25492,
                                            "is_parallel": true,
                                            "self": 219.76174330000663,
                                            "children": {
                                                "steps_from_proto": {
                                                    "total": 0.0016274000000002786,
                                                    "count": 1,
                                                    "is_parallel": true,
                                                    "self": 0.0002249000000027479,
                                                    "children": {
                                                        "_process_vector_observation": {
                                                            "total": 0.0014024999999975307,
                                                            "count": 2,
                                                            "is_parallel": true,
                                                            "self": 0.0014024999999975307
                                                        }
                                                    }
                                                },
                                                "UnityEnvironment.step": {
                                                    "total": 1411.5865676999967,
                                                    "count": 25492,
                                                    "is_parallel": true,
                                                    "self": 4.5540602000037325,
                                                    "children": {
                                                        "UnityEnvironment._generate_step_input": {
                                                            "total": 62.456703399991696,
                                                            "count": 25492,
                                                            "is_parallel": true,
                                                            "self": 62.456703399991696
                                                        },
                                                        "communicator.exchange": {
                                                            "total": 1317.522072899998,
                                                            "count": 25492,
                                                            "is_parallel": true,
                                                            "self": 1317.522072899998
                                                        },
                                                        "steps_from_proto": {
                                                            "total": 27.05373120000333,
                                                            "count": 25492,
                                                            "is_parallel": true,