{
    "name": "root",
    "metadata": {
        "timer_format_version": "0.1.0",
        "start_time_seconds": "1595538774",
        "python_version": "3.8.3 (tags/v3.8.3:6f8c832, May 13 2020, 22:37:02) [MSC v.1924 64 bit (AMD64)]",
        "command_line_arguments": "C:\\Python38\\Scripts\\mlagents-learn .\\configuration.yaml --run-id=Test20",
        "mlagents_version": "0.18.0",
        "mlagents_envs_version": "0.18.0",
        "communication_protocol_version": "1.0.0",
        "tensorflow_version": "2.2.0",
        "end_time_seconds": "1595538787"
    },
    "total": 13.2692949,
    "count": 1,
    "self": 0.015995599999998333,
    "children": {
        "run_training.setup": {
            "total": 0.009127400000000119,
            "count": 1,
            "self": 0.009127400000000119
        },
        "TrainerController.start_learning": {
            "total": 13.244171900000001,
            "count": 1,
            "self": 2.261463199999991,
            "children": {
                "TrainerController._reset_env": {
                    "total": 6.764972799999999,
                    "count": 1,
                    "self": 6.764972799999999
                },
                "TrainerController.advance": {
                    "total": 2.362452700000011,
                    "count": 98,
                    "self": 0.0012908000000049213,
                    "children": {
                        "env_step": {
                            "total": 2.361161900000006,
                            "count": 98,
                            "self": 2.2229070000000064,
                            "children": {
                                "SubprocessEnvManager._take_step": {
                                    "total": 0.1371538000000001,
                                    "count": 98,
                                    "self": 0.0032526999999973327,
                                    "children": {
                                        "NNPolicy.evaluate": {
                                            "total": 0.13390110000000277,
                                            "count": 81,
                                            "self": 0.13390110000000277
                                        }
                                    }
                                },
                                "workers": {
                                    "total": 0.001101099999999633,
                                    "count": 97,
                                    "self": 0.0,
                                    "children": {
                                        "worker_root": {
                                            "total": 3.9198297000000046,
                                            "count": 97,
                                            "is_parallel": true,
                                            "self": 1.8526430000000005,
                                            "children": {
                                                "steps_from_proto": {
                                                    "total": 0.0004325999999998942,
                                                    "count": 1,
                                                    "is_parallel": true,
                                                    "self": 0.00010759999999976344,
                                                    "children": {
                                                        "_process_vector_observation": {
                                                            "total": 0.00032500000000013074,
                                                            "count": 2,
                                                            "is_parallel": true,
                                                            "self": 0.00032500000000013074
                                                        }
                                                    }
                                                },
                                                "UnityEnvironment.step": {
                                                    "total": 2.0667541000000043,
                                                    "count": 97,
                                                    "is_parallel": true,
                                                    "self": 0.008251899999995871,
                                                    "children": {
                                                        "UnityEnvironment._generate_step_input": {
                                                            "total": 0.03693689999999883,
                                                            "count": 97,
                                                            "is_parallel": true,
                                                            "self": 0.03693689999999883
                                                        },
                                                        "communicator.exchange": {
                                                            "total": 1.9918710000000033,
                                                            "count": 97,
                                                            "is_parallel": true,
                                                            "self": 1.9918710000000033
                                                        },
                                                        "steps_from_proto": {
                                                            "total": 0.02969430000000628,
                                                            "count": 97,
                                                            "is_parallel": true,
                                                            "self": 0.008478199999991887,
                                                            "children": {
                                                                "_process_vector_observation": {
                                                                    "total": 0.021216100000014393,
                                                                    "count": 194,
                                                                    "is_parallel": true,
                                                                    "self": 0.021216100000014393
                                                                }
                                                            }
                                                        }
                                                    }
                                                }
                                            }
                                        }
                                    }
                                }
                            }
                        }
                    }
                },
                "trainer_threads": {
                    "total": 3.419999999998424e-05,
                    "count": 1,
                    "self": 3.419999999998424e-05,
                    "children": {
                        "thread_root": {
                            "total": 0.0,
                            "count": 0,
                            "is_parallel": true,
                            "self": 0.0,
                            "children": {
                                "trainer_advance": {
                                    "total": 2.3686099999999843,
                                    "count": 1145,
                                    "is_parallel": true,
                                    "self": 0.04373629999997419,
                                    "children": {
                                        "process_trajectory": {
                                            "total": 2.32487370000001,
                                            "count": 1145,
                                            "is_parallel": true,