{
    "name": "root",
    "gauges": {
        "MyBehavior.Policy.Entropy.mean": {
            "value": 1.4092828035354614,
            "min": 1.4091575145721436,
            "max": 1.4189385175704956,
            "count": 33
        },
        "MyBehavior.Environment.EpisodeLength.mean": {
            "value": 52.57142857142857,
            "min": 42.96825396825397,
            "max": 112.40625,
            "count": 33
        },
        "MyBehavior.Policy.ExtrinsicValueEstimate.mean": {
            "value": -4.804184436798096,
            "min": -8.809022903442383,
            "max": -4.558549880981445,
            "count": 33
        },
        "MyBehavior.Environment.CumulativeReward.mean": {
            "value": -2.2127905834552855,
            "min": -2.854838644304583,
            "max": 0.7781253829598427,
            "count": 33
        },
        "MyBehavior.Policy.ExtrinsicReward.mean": {
            "value": -2.2127905834552855,
            "min": -2.854838644304583,
            "max": 0.7781253829598427,
            "count": 33
        },
        "MyBehavior.IsTraining.mean": {
            "value": 1.0,
            "min": 1.0,
            "max": 1.0,
            "count": 33
        },
        "MyBehavior.Losses.ValueLoss.mean": {
            "value": 2.2110769748687744,
            "min": 2.2110769748687744,
            "max": 10.042559623718262,
            "count": 9
        },
        "MyBehavior.Losses.PolicyLoss.mean": {
            "value": 0.021406561136245728,
            "min": 0.019511820748448372,
            "max": 0.027198946103453636,
            "count": 9
        },
        "MyBehavior.Policy.LearningRate.mean": {
            "value": 2.2704094590153545e-05,
            "min": 2.2704094590153545e-05,
            "max": 0.00026922597317025065,
            "count": 9
        },
        "MyBehavior.Policy.Epsilon.mean": {
            "value": 0.10756801068782806,
            "min": 0.10756801068782806,
            "max": 0.18974202871322632,
            "count": 9
        },
        "MyBehavior.Policy.Beta.mean": {
            "value": 0.0003876433183904737,
            "min": 0.0003876433183904737,
            "max": 0.004488125443458557,
            "count": 9
        }
    },
    "metadata": {
        "timer_format_version": "0.1.0",
        "start_time_seconds": "1595538009",
        "python_version": "3.8.3 (tags/v3.8.3:6f8c832, May 13 2020, 22:37:02) [MSC v.1924 64 bit (AMD64)]",
        "command_line_arguments": "C:\\Python38\\Scripts\\mlagents-learn .\\configuration.yaml --run-id=Test17",
        "mlagents_version": "0.18.0",
        "mlagents_envs_version": "0.18.0",
        "communication_protocol_version": "1.0.0",
        "tensorflow_version": "2.2.0",
        "end_time_seconds": "1595538190"
    },
    "total": 180.259645,
    "count": 1,
    "self": 0.3175846999999976,
    "children": {
        "run_training.setup": {
            "total": 0.00845740000000017,
            "count": 1,
            "self": 0.00845740000000017
        },
        "TrainerController.start_learning": {
            "total": 179.9336029,
            "count": 1,
            "self": 6.473540100000577,
            "children": {
                "TrainerController._reset_env": {
                    "total": 6.9877123,
                    "count": 1,
                    "self": 6.9877123
                },
                "TrainerController.advance": {
                    "total": 165.05516679999943,
                    "count": 8284,
                    "self": 0.11032339999937335,
                    "children": {
                        "env_step": {
                            "total": 164.94484340000005,
                            "count": 8284,
                            "self": 157.7815118000007,
                            "children": {
                                "SubprocessEnvManager._take_step": {
                                    "total": 7.050314100000353,
                                    "count": 8284,
                                    "self": 0.2678065999997905,
                                    "children": {
                                        "NNPolicy.evaluate": {
                                            "total": 6.782507500000563,
                                            "count": 7183,
                                            "self": 6.782507500000563
                                        }
                                    }
                                },
                                "workers": {
                                    "total": 0.11301749999901922,
                                    "count": 8284,
                                    "self": 0.0,
                                    "children": {
                                        "worker_root": {
                                            "total": 170.70808730000078,
                                            "count": 8284,
                                            "is_parallel": true,
                                            "self": 32.42739120000007,
                                            "children": {
                                                "steps_from_proto": {
                                                    "total": 0.0006319999999995218,
                                                    "count": 1,
                                                    "is_parallel": true,
                                                    "self": 9.200000000042508e-05,
                                                    "children": {
                                                        "_process_vector_observation": {
                                                            "total": 0.0005399999999990968,
                                                            "count": 2,
                                                            "is_parallel": true,
                                                            "self": 0.0005399999999990968
                                                        }
                                                    }
                                                },
                                                "UnityEnvironment.step": {
                                                    "total": 138.28006410000071,
                                                    "count": 8284,
                                                    "is_parallel": true,
                                                    "self": 0.6546735000023034,
                                                    "children": {
                                                        "UnityEnvironment._generate_step_input": {
                                                            "total": 3.1386912999991576,
                                                            "count": 8284,
                                                            "is_parallel": true,
                                                            "self": 3.1386912999991576
                                                        },
                                                        "communicator.exchange": {
                                                            "total": 132.03595909999927,
                                                            "count": 8284,
                                                            "is_parallel": true,
                                                            "self": 132.03595909999927
                                                        },
                                                        "steps_from_proto": {
                                                            "total": 2.450740199999993,
                                                            "count": 8284,
                                                            "is_parallel": true,
                                                            "self": 0.6986075000002252,