{
    "name": "root",
    "gauges": {
        "MyBehavior.Policy.Entropy.mean": {
            "value": 1.3565456867218018,
            "min": 1.3565456867218018,
            "max": 1.4159022569656372,
            "count": 6
        },
        "MyBehavior.Environment.EpisodeLength.mean": {
            "value": 239.46506024096385,
            "min": 38.24500831946755,
            "max": 239.46506024096385,
            "count": 6
        },
        "MyBehavior.Policy.ExtrinsicValueEstimate.mean": {
            "value": 0.940672755241394,
            "min": -0.9632010459899902,
            "max": 2.9618072509765625,
            "count": 6
        },
        "MyBehavior.Environment.CumulativeReward.mean": {
            "value": 2.5417837666055885,
            "min": -4.781077788443557,
            "max": 2.5417837666055885,
            "count": 6
        },
        "MyBehavior.Policy.ExtrinsicReward.mean": {
            "value": 2.5417837666055885,
            "min": -4.781077788443557,
            "max": 2.5417837666055885,
            "count": 6
        },
        "MyBehavior.Losses.ValueLoss.mean": {
            "value": 12.391736030578613,
            "min": 1.1730592250823975,
            "max": 12.391736030578613,
            "count": 6
        },
        "MyBehavior.Losses.PolicyLoss.mean": {
            "value": 0.04669397696852684,
            "min": 0.022646531462669373,
            "max": 0.07574243098497391,
            "count": 6
        },
        "MyBehavior.Policy.LearningRate.mean": {
            "value": 0.0002449283783789724,
            "min": 0.0002449283783789724,
            "max": 0.00029484351398423314,
            "count": 6
        },
        "MyBehavior.Policy.Epsilon.mean": {
            "value": 0.1816427856683731,
            "min": 0.1816427856683731,
            "max": 0.1982811689376831,
            "count": 6
        },
        "MyBehavior.Policy.Beta.mean": {
            "value": 0.004083975218236446,
            "min": 0.004083975218236446,
            "max": 0.0049142297357320786,
            "count": 6
        },
        "MyBehavior.IsTraining.mean": {
            "value": 1.0,
            "min": 1.0,
            "max": 1.0,
            "count": 6
        }
    },
    "metadata": {
        "timer_format_version": "0.1.0",
        "start_time_seconds": "1597777199",
        "python_version": "3.8.3 (tags/v3.8.3:6f8c832, May 13 2020, 22:37:02) [MSC v.1924 64 bit (AMD64)]",
        "command_line_arguments": "C:\\Python38\\Scripts\\mlagents-learn Behaviour.yaml --run-id=Dacancellare2",
        "mlagents_version": "0.18.0",
        "mlagents_envs_version": "0.18.0",
        "communication_protocol_version": "1.0.0",
        "tensorflow_version": "2.2.0",
        "end_time_seconds": "1597777744"
    },
    "total": 544.3643535,
    "count": 1,
    "self": 0.013778500000057647,
    "children": {
        "run_training.setup": {
            "total": 0.009451199999999993,
            "count": 1,
            "self": 0.009451199999999993
        },
        "TrainerController.start_learning": {
            "total": 544.3411238,
            "count": 1,
            "self": 16.497937100000968,
            "children": {
                "TrainerController._reset_env": {
                    "total": 9.833720600000001,
                    "count": 1,
                    "self": 9.833720600000001
                },
                "TrainerController.advance": {
                    "total": 516.316628099999,
                    "count": 11330,
                    "self": 0.17167119999783154,
                    "children": {
                        "env_step": {
                            "total": 516.1449569000011,
                            "count": 11330,
                            "self": 507.6343930999977,
                            "children": {
                                "SubprocessEnvManager._take_step": {
                                    "total": 8.354452100002847,
                                    "count": 11330,
                                    "self": 0.6360152999996203,
                                    "children": {
                                        "NNPolicy.evaluate": {
                                            "total": 7.718436800003227,
                                            "count": 6827,
                                            "self": 7.718436800003227
                                        }
                                    }
                                },
                                "workers": {
                                    "total": 0.15611170000061492,
                                    "count": 11329,
                                    "self": 0.0,
                                    "children": {
                                        "worker_root": {
                                            "total": 531.7574127999992,
                                            "count": 11329,
                                            "is_parallel": true,
                                            "self": 81.4106043999991,
                                            "children": {
                                                "steps_from_proto": {
                                                    "total": 0.001565100000000541,
                                                    "count": 1,
                                                    "is_parallel": true,
                                                    "self": 0.0002812000000016468,
                                                    "children": {
                                                        "_process_vector_observation": {
                                                            "total": 0.0012838999999988943,
                                                            "count": 2,
                                                            "is_parallel": true,
                                                            "self": 0.0012838999999988943
                                                        }
                                                    }
                                                },
                                                "UnityEnvironment.step": {
                                                    "total": 450.3452433000001,
                                                    "count": 11329,
                                                    "is_parallel": true,
                                                    "self": 1.699154599996291,
                                                    "children": {
                                                        "UnityEnvironment._generate_step_input": {
                                                            "total": 18.918186800000267,
                                                            "count": 11329,
                                                            "is_parallel": true,
                                                            "self": 18.918186800000267
                                                        },
                                                        "communicator.exchange": {
                                                            "total": 420.46725120000394,
                                                            "count": 11329,
                                                            "is_parallel": true,
                                                            "self": 420.46725120000394
                                                        },
                                                        "steps_from_proto": {
                                                            "total": 9.260650699999559,
                                                            "count": 11329,
                                                            "is_parallel": true,