{
    "name": "root",
    "metadata": {
        "timer_format_version": "0.1.0",
        "start_time_seconds": "1595535017",
        "python_version": "3.8.3 (tags/v3.8.3:6f8c832, May 13 2020, 22:37:02) [MSC v.1924 64 bit (AMD64)]",
        "command_line_arguments": "C:\\Python38\\Scripts\\mlagents-learn Behaviour.yaml --run-id=Test12",
        "mlagents_version": "0.18.0",
        "mlagents_envs_version": "0.18.0",
        "communication_protocol_version": "1.0.0",
        "tensorflow_version": "2.2.0",
        "end_time_seconds": "1595535033"
    },
    "total": 16.1910515,
    "count": 1,
    "self": 0.011584599999999057,
    "children": {
        "run_training.setup": {
            "total": 0.008795200000000225,
            "count": 1,
            "self": 0.008795200000000225
        },
        "TrainerController.start_learning": {
            "total": 16.1706717,
            "count": 1,
            "self": 2.2082610999999694,
            "children": {
                "TrainerController._reset_env": {
                    "total": 5.631549700000001,
                    "count": 1,
                    "self": 5.631549700000001
                },
                "TrainerController.advance": {
                    "total": 6.508798100000032,
                    "count": 600,
                    "self": 0.007156200000034474,
                    "children": {
                        "env_step": {
                            "total": 6.501641899999997,
                            "count": 600,
                            "self": 5.974407099999999,
                            "children": {
                                "SubprocessEnvManager._take_step": {
                                    "total": 0.5200464000000213,
                                    "count": 600,
                                    "self": 0.016160200000038927,
                                    "children": {
                                        "NNPolicy.evaluate": {
                                            "total": 0.5038861999999824,
                                            "count": 597,
                                            "self": 0.5038861999999824
                                        }
                                    }
                                },
                                "workers": {
                                    "total": 0.007188399999977335,
                                    "count": 599,
                                    "self": 0.0,
                                    "children": {
                                        "worker_root": {
                                            "total": 8.174698499999998,
                                            "count": 599,
                                            "is_parallel": true,
                                            "self": 2.842900799999981,
                                            "children": {
                                                "steps_from_proto": {
                                                    "total": 0.0003409000000003104,
                                                    "count": 1,
                                                    "is_parallel": true,
                                                    "self": 0.0001726000000008554,
                                                    "children": {
                                                        "_process_vector_observation": {
                                                            "total": 0.000168299999999455,
                                                            "count": 2,
                                                            "is_parallel": true,
                                                            "self": 0.000168299999999455
                                                        }
                                                    }
                                                },
                                                "UnityEnvironment.step": {
                                                    "total": 5.331456800000017,
                                                    "count": 599,
                                                    "is_parallel": true,
                                                    "self": 0.04002510000005621,
                                                    "children": {
                                                        "UnityEnvironment._generate_step_input": {
                                                            "total": 0.07629009999999692,
                                                            "count": 599,
                                                            "is_parallel": true,
                                                            "self": 0.07629009999999692
                                                        },
                                                        "communicator.exchange": {
                                                            "total": 5.07211989999997,
                                                            "count": 599,
                                                            "is_parallel": true,
                                                            "self": 5.07211989999997
                                                        },
                                                        "steps_from_proto": {
                                                            "total": 0.14302169999999315,
                                                            "count": 599,
                                                            "is_parallel": true,
                                                            "self": 0.08407330000000002,
                                                            "children": {
                                                                "_process_vector_observation": {
                                                                    "total": 0.05894839999999313,
                                                                    "count": 1198,
                                                                    "is_parallel": true,
                                                                    "self": 0.05894839999999313
                                                                }
                                                            }
                                                        }
                                                    }
                                                }
                                            }
                                        }
                                    }
                                }
                            }
                        }
                    }
                },
                "trainer_threads": {
                    "total": 1.7799999998402427e-05,
                    "count": 1,
                    "self": 1.7799999998402427e-05,
                    "children": {
                        "thread_root": {
                            "total": 0.0,
                            "count": 0,
                            "is_parallel": true,
                            "self": 0.0,
                            "children": {
                                "trainer_advance": {
                                    "total": 6.591203300000025,
                                    "count": 3285,
                                    "is_parallel": true,
                                    "self": 0.13284690000001298,
                                    "children": {
                                        "process_trajectory": {
                                            "total": 6.458356400000012,
                                            "count": 3285,
                                            "is_parallel": true,