{
    "name": "root",
    "gauges": {
        "MyBehavior.Policy.Entropy.mean": {
            "value": 1.3877583742141724,
            "min": 1.3877583742141724,
            "max": 1.4159321784973145,
            "count": 3
        },
        "MyBehavior.Environment.EpisodeLength.mean": {
            "value": 2.528062211900489,
            "min": 2.528062211900489,
            "max": 12.30058273478791,
            "count": 3
        },
        "MyBehavior.Policy.ExtrinsicValueEstimate.mean": {
            "value": -4.915185928344727,
            "min": -6.920362949371338,
            "max": -4.915185928344727,
            "count": 3
        },
        "MyBehavior.Environment.CumulativeReward.mean": {
            "value": -4.955266337969919,
            "min": -5.785638331623703,
            "max": -4.955266337969919,
            "count": 3
        },
        "MyBehavior.Policy.ExtrinsicReward.mean": {
            "value": -4.955266337969919,
            "min": -5.785638331623703,
            "max": -4.955266337969919,
            "count": 3
        },
        "MyBehavior.Losses.ValueLoss.mean": {
            "value": 0.09083308279514313,
            "min": 0.09083308279514313,
            "max": 4.7883453369140625,
            "count": 3
        },
        "MyBehavior.Losses.PolicyLoss.mean": {
            "value": 0.02301177754998207,
            "min": 0.021812865510582924,
            "max": 0.02468811348080635,
            "count": 3
        },
        "MyBehavior.Policy.LearningRate.mean": {
            "value": 0.0002748067199718207,
            "min": 0.0002748067199718207,
            "max": 0.0002948303590528667,
            "count": 3
        },
        "MyBehavior.Policy.Epsilon.mean": {
            "value": 0.19160225987434387,
            "min": 0.19160225987434387,
            "max": 0.1982768028974533,
            "count": 3
        },
        "MyBehavior.Policy.Beta.mean": {
            "value": 0.0045809512957930565,
            "min": 0.0045809512957930565,
            "max": 0.004914011340588331,
            "count": 3
        },
        "MyBehavior.IsTraining.mean": {
            "value": 1.0,
            "min": 1.0,
            "max": 1.0,
            "count": 3
        }
    },
    "metadata": {
        "timer_format_version": "0.1.0",
        "start_time_seconds": "1597778787",
        "python_version": "3.8.3 (tags/v3.8.3:6f8c832, May 13 2020, 22:37:02) [MSC v.1924 64 bit (AMD64)]",
        "command_line_arguments": "C:\\Python38\\Scripts\\mlagents-learn Behaviour.yaml --run-id=Dacancellare6",
        "mlagents_version": "0.18.0",
        "mlagents_envs_version": "0.18.0",
        "communication_protocol_version": "1.0.0",
        "tensorflow_version": "2.2.0",
        "end_time_seconds": "1597779151"
    },
    "total": 364.05743739999997,
    "count": 1,
    "self": 0.01193299999994224,
    "children": {
        "run_training.setup": {
            "total": 0.007996100000000173,
            "count": 1,
            "self": 0.007996100000000173
        },
        "TrainerController.start_learning": {
            "total": 364.0375083,
            "count": 1,
            "self": 11.42057219999873,
            "children": {
                "TrainerController._reset_env": {
                    "total": 9.978130199999999,
                    "count": 1,
                    "self": 9.978130199999999
                },
                "TrainerController.advance": {
                    "total": 340.74563420000123,
                    "count": 15916,
                    "self": 0.21943370000218465,
                    "children": {
                        "env_step": {
                            "total": 340.52620049999905,
                            "count": 15916,
                            "self": 336.29442740000513,
                            "children": {
                                "SubprocessEnvManager._take_step": {
                                    "total": 4.019027399997196,
                                    "count": 15916,
                                    "self": 0.4328467999980692,
                                    "children": {
                                        "NNPolicy.evaluate": {
                                            "total": 3.5861805999991265,
                                            "count": 3474,
                                            "self": 3.5861805999991265
                                        }
                                    }
                                },
                                "workers": {
                                    "total": 0.21274569999674675,
                                    "count": 15915,
                                    "self": 0.0,
                                    "children": {
                                        "worker_root": {
                                            "total": 351.0334516999995,
                                            "count": 15915,
                                            "is_parallel": true,
                                            "self": 72.61076649999734,
                                            "children": {
                                                "steps_from_proto": {
                                                    "total": 0.0018209000000002362,
                                                    "count": 1,
                                                    "is_parallel": true,
                                                    "self": 0.00022819999999867946,
                                                    "children": {
                                                        "_process_vector_observation": {
                                                            "total": 0.0015927000000015568,
                                                            "count": 2,
                                                            "is_parallel": true,
                                                            "self": 0.0015927000000015568
                                                        }
                                                    }
                                                },
                                                "UnityEnvironment.step": {
                                                    "total": 278.42086430000217,
                                                    "count": 15915,
                                                    "is_parallel": true,
                                                    "self": 1.6784258000003547,
                                                    "children": {
                                                        "UnityEnvironment._generate_step_input": {
                                                            "total": 9.931152400000068,
                                                            "count": 15915,
                                                            "is_parallel": true,
                                                            "self": 9.931152400000068
                                                        },
                                                        "communicator.exchange": {
                                                            "total": 259.76253660000145,
                                                            "count": 15915,
                                                            "is_parallel": true,
                                                            "self": 259.76253660000145
                                                        },
                                                        "steps_from_proto": {
                                                            "total": 7.048749500000243,
                                                            "count": 15915,
                                                            "is_parallel": true,