{
    "name": "root",
    "gauges": {
        "MyBehavior.Policy.Entropy.mean": {
            "value": 1.2300231456756592,
            "min": 1.2300231456756592,
            "max": 1.4174325466156006,
            "count": 20
        },
        "MyBehavior.Environment.EpisodeLength.mean": {
            "value": 795.520325203252,
            "min": 42.72356495468278,
            "max": 957.44,
            "count": 20
        },
        "MyBehavior.Policy.ExtrinsicValueEstimate.mean": {
            "value": 4.796059608459473,
            "min": 0.34961119294166565,
            "max": 4.918615341186523,
            "count": 20
        },
        "MyBehavior.Environment.CumulativeReward.mean": {
            "value": 38.55325541845182,
            "min": -2.86382170290145,
            "max": 47.568504106998446,
            "count": 20
        },
        "MyBehavior.Policy.ExtrinsicReward.mean": {
            "value": 38.55325541845182,
            "min": -2.86382170290145,
            "max": 47.568504106998446,
            "count": 20
        },
        "MyBehavior.Losses.ValueLoss.mean": {
            "value": 0.22679321467876434,
            "min": 0.06297975033521652,
            "max": 4.095464706420898,
            "count": 20
        },
        "MyBehavior.Losses.PolicyLoss.mean": {
            "value": 0.022180311381816864,
            "min": 0.02077246829867363,
            "max": 0.025907903909683228,
            "count": 20
        },
        "MyBehavior.Policy.LearningRate.mean": {
            "value": 7.3964151852123905e-06,
            "min": 7.3964151852123905e-06,
            "max": 0.00029229646315798163,
            "count": 20
        },
        "MyBehavior.Policy.Epsilon.mean": {
            "value": 0.1024654433131218,
            "min": 0.1024654433131218,
            "max": 0.19743211567401886,
            "count": 20
        },
        "MyBehavior.Policy.Beta.mean": {
            "value": 0.00013302538718562573,
            "min": 0.00013302538718562573,
            "max": 0.0048718638718128204,
            "count": 20
        },
        "MyBehavior.IsTraining.mean": {
            "value": 1.0,
            "min": 1.0,
            "max": 1.0,
            "count": 20
        }
    },
    "metadata": {
        "timer_format_version": "0.1.0",
        "start_time_seconds": "1596640276",
        "python_version": "3.8.3 (tags/v3.8.3:6f8c832, May 13 2020, 22:37:02) [MSC v.1924 64 bit (AMD64)]",
        "command_line_arguments": "C:\\Python38\\Scripts\\mlagents-learn configuration.yaml --run-id=2TestInverse",
        "mlagents_version": "0.18.0",
        "mlagents_envs_version": "0.18.0",
        "communication_protocol_version": "1.0.0",
        "tensorflow_version": "2.2.0",
        "end_time_seconds": "1596641672"
    },
    "total": 1395.3354680999998,
    "count": 1,
    "self": 0.371608299999707,
    "children": {
        "run_training.setup": {
            "total": 0.00856670000000026,
            "count": 1,
            "self": 0.00856670000000026
        },
        "TrainerController.start_learning": {
            "total": 1394.9552931,
            "count": 1,
            "self": 33.21132100000614,
            "children": {
                "TrainerController._reset_env": {
                    "total": 6.752698199999999,
                    "count": 1,
                    "self": 6.752698199999999
                },
                "TrainerController.advance": {
                    "total": 1353.578626299994,
                    "count": 21867,
                    "self": 0.3419178000053762,
                    "children": {
                        "env_step": {
                            "total": 1353.2367084999887,
                            "count": 21867,
                            "self": 1326.0614236999902,
                            "children": {
                                "SubprocessEnvManager._take_step": {
                                    "total": 26.877117600002833,
                                    "count": 21867,
                                    "self": 1.9514548000071201,
                                    "children": {
                                        "NNPolicy.evaluate": {
                                            "total": 24.925662799995713,
                                            "count": 18563,
                                            "self": 24.925662799995713
                                        }
                                    }
                                },
                                "workers": {
                                    "total": 0.2981671999957083,
                                    "count": 21867,
                                    "self": 0.0,
                                    "children": {
                                        "worker_root": {
                                            "total": 1385.4175917000057,
                                            "count": 21867,
                                            "is_parallel": true,
                                            "self": 206.3416134000047,
                                            "children": {
                                                "steps_from_proto": {
                                                    "total": 0.0019379999999999953,
                                                    "count": 1,
                                                    "is_parallel": true,
                                                    "self": 0.00035589999999974253,
                                                    "children": {
                                                        "_process_vector_observation": {
                                                            "total": 0.0015821000000002527,
                                                            "count": 2,
                                                            "is_parallel": true,
                                                            "self": 0.0015821000000002527
                                                        }
                                                    }
                                                },
                                                "UnityEnvironment.step": {
                                                    "total": 1179.074040300001,
                                                    "count": 21867,
                                                    "is_parallel": true,
                                                    "self": 4.826219800004765,
                                                    "children": {
                                                        "UnityEnvironment._generate_step_input": {
                                                            "total": 57.078606900000736,
                                                            "count": 21867,
                                                            "is_parallel": true,
                                                            "self": 57.078606900000736
                                                        },
                                                        "communicator.exchange": {
                                                            "total": 1092.833221300007,
                                                            "count": 21867,
                                                            "is_parallel": true,
                                                            "self": 1092.833221300007
                                                        },
                                                        "steps_from_proto": {
                                                            "total": 24.335992299988384,
                                                            "count": 21867,
                                                            "is_parallel": true,