{
    "name": "root",
    "gauges": {
        "MyBehavior.Policy.Entropy.mean": {
            "value": 1.1704378128051758,
            "min": 1.1704378128051758,
            "max": 1.4174244403839111,
            "count": 20
        },
        "MyBehavior.Environment.EpisodeLength.mean": {
            "value": 2129.1428571428573,
            "min": 17.38760995695302,
            "max": 2341.344827586207,
            "count": 20
        },
        "MyBehavior.Policy.ExtrinsicValueEstimate.mean": {
            "value": 4.738029479980469,
            "min": -3.038227081298828,
            "max": 4.8042802810668945,
            "count": 20
        },
        "MyBehavior.Environment.CumulativeReward.mean": {
            "value": 101.4571522133691,
            "min": -4.130619487266248,
            "max": 112.06725169872415,
            "count": 20
        },
        "MyBehavior.Policy.ExtrinsicReward.mean": {
            "value": 101.4571522133691,
            "min": -4.130619487266248,
            "max": 112.06725169872415,
            "count": 20
        },
        "MyBehavior.Losses.ValueLoss.mean": {
            "value": 0.18329563736915588,
            "min": 0.13743892312049866,
            "max": 4.119814395904541,
            "count": 20
        },
        "MyBehavior.Losses.PolicyLoss.mean": {
            "value": 0.02169371396303177,
            "min": 0.02169371396303177,
            "max": 0.02619781158864498,
            "count": 20
        },
        "MyBehavior.Policy.LearningRate.mean": {
            "value": 7.62123272579629e-06,
            "min": 7.62123272579629e-06,
            "max": 0.00029230411746539176,
            "count": 20
        },
        "MyBehavior.Policy.Epsilon.mean": {
            "value": 0.10254039615392685,
            "min": 0.10254039615392685,
            "max": 0.1974347084760666,
            "count": 20
        },
        "MyBehavior.Policy.Beta.mean": {
            "value": 0.00013676485104952008,
            "min": 0.00013676485104952008,
            "max": 0.004871992394328117,
            "count": 20
        },
        "MyBehavior.IsTraining.mean": {
            "value": 1.0,
            "min": 1.0,
            "max": 1.0,
            "count": 20
        }
    },
    "metadata": {
        "timer_format_version": "0.1.0",
        "start_time_seconds": "1597180214",
        "python_version": "3.8.3 (tags/v3.8.3:6f8c832, May 13 2020, 22:37:02) [MSC v.1924 64 bit (AMD64)]",
        "command_line_arguments": "C:\\Python38\\Scripts\\mlagents-learn configuration.yaml --run-id=ProvaNuovaMetodo1",
        "mlagents_version": "0.18.0",
        "mlagents_envs_version": "0.18.0",
        "communication_protocol_version": "1.0.0",
        "tensorflow_version": "2.2.0",
        "end_time_seconds": "1597181681"
    },
    "total": 1466.8249349,
    "count": 1,
    "self": 0.3502075999999761,
    "children": {
        "run_training.setup": {
            "total": 0.00780549999999991,
            "count": 1,
            "self": 0.00780549999999991
        },
        "TrainerController.start_learning": {
            "total": 1466.4669218000001,
            "count": 1,
            "self": 35.63697840000259,
            "children": {
                "TrainerController._reset_env": {
                    "total": 5.9530403,
                    "count": 1,
                    "self": 5.9530403
                },
                "TrainerController.advance": {
                    "total": 1423.5154127999972,
                    "count": 28788,
                    "self": 0.39559919999942394,
                    "children": {
                        "env_step": {
                            "total": 1423.1198135999978,
                            "count": 28788,
                            "self": 1391.5566721000073,
                            "children": {
                                "SubprocessEnvManager._take_step": {
                                    "total": 31.18529289999073,
                                    "count": 28788,
                                    "self": 1.9295868999901806,
                                    "children": {
                                        "NNPolicy.evaluate": {
                                            "total": 29.25570600000055,
                                            "count": 20873,
                                            "self": 29.25570600000055
                                        }
                                    }
                                },
                                "workers": {
                                    "total": 0.37784859999975673,
                                    "count": 28788,
                                    "self": 0.0,
                                    "children": {
                                        "worker_root": {
                                            "total": 1457.5140850999949,
                                            "count": 28788,
                                            "is_parallel": true,
                                            "self": 223.9035395999956,
                                            "children": {
                                                "steps_from_proto": {
                                                    "total": 0.0013497999999998456,
                                                    "count": 1,
                                                    "is_parallel": true,
                                                    "self": 0.0002558999999990874,
                                                    "children": {
                                                        "_process_vector_observation": {
                                                            "total": 0.0010939000000007582,
                                                            "count": 2,
                                                            "is_parallel": true,
                                                            "self": 0.0010939000000007582
                                                        }
                                                    }
                                                },
                                                "UnityEnvironment.step": {
                                                    "total": 1233.6091956999992,
                                                    "count": 28788,
                                                    "is_parallel": true,
                                                    "self": 4.4176974000229166,
                                                    "children": {
                                                        "UnityEnvironment._generate_step_input": {
                                                            "total": 61.532204300009965,
                                                            "count": 28788,
                                                            "is_parallel": true,
                                                            "self": 61.532204300009965
                                                        },
                                                        "communicator.exchange": {
                                                            "total": 1141.152402299979,
                                                            "count": 28788,
                                                            "is_parallel": true,
                                                            "self": 1141.152402299979
                                                        },
                                                        "steps_from_proto": {
                                                            "total": 26.506891699987392,
                                                            "count": 28788,
                                                            "is_parallel": true,