{
    "name": "root",
    "metadata": {
        "timer_format_version": "0.1.0",
        "start_time_seconds": "1597783954",
        "python_version": "3.8.3 (tags/v3.8.3:6f8c832, May 13 2020, 22:37:02) [MSC v.1924 64 bit (AMD64)]",
        "command_line_arguments": "C:\\Python38\\Scripts\\mlagents-learn configuration.yaml --run-id=DaCancellare26",
        "mlagents_version": "0.18.0",
        "mlagents_envs_version": "0.18.0",
        "communication_protocol_version": "1.0.0",
        "tensorflow_version": "2.2.0",
        "end_time_seconds": "1597783988"
    },
    "total": 34.2328138,
    "count": 1,
    "self": 0.01712410000000375,
    "children": {
        "run_training.setup": {
            "total": 0.008934100000000278,
            "count": 1,
            "self": 0.008934100000000278
        },
        "TrainerController.start_learning": {
            "total": 34.2067556,
            "count": 1,
            "self": 2.101614400000038,
            "children": {
                "TrainerController._reset_env": {
                    "total": 17.908477,
                    "count": 1,
                    "self": 17.908477
                },
                "TrainerController.advance": {
                    "total": 12.455988499999965,
                    "count": 1056,
                    "self": 0.01290539999995488,
                    "children": {
                        "env_step": {
                            "total": 12.44308310000001,
                            "count": 1056,
                            "self": 11.698558200000075,
                            "children": {
                                "SubprocessEnvManager._take_step": {
                                    "total": 0.731816799999887,
                                    "count": 1056,
                                    "self": 0.026750799999835095,
                                    "children": {
                                        "NNPolicy.evaluate": {
                                            "total": 0.7050660000000519,
                                            "count": 1021,
                                            "self": 0.7050660000000519
                                        }
                                    }
                                },
                                "workers": {
                                    "total": 0.012708100000047295,
                                    "count": 1055,
                                    "self": 0.0,
                                    "children": {
                                        "worker_root": {
                                            "total": 13.986259599999968,
                                            "count": 1055,
                                            "is_parallel": true,
                                            "self": 3.388105899999921,
                                            "children": {
                                                "steps_from_proto": {
                                                    "total": 0.00024110000000021614,
                                                    "count": 1,
                                                    "is_parallel": true,
                                                    "self": 7.279999999809661e-05,
                                                    "children": {
                                                        "_process_vector_observation": {
                                                            "total": 0.00016830000000211953,
                                                            "count": 2,
                                                            "is_parallel": true,
                                                            "self": 0.00016830000000211953
                                                        }
                                                    }
                                                },
                                                "UnityEnvironment.step": {
                                                    "total": 10.597912600000047,
                                                    "count": 1055,
                                                    "is_parallel": true,
                                                    "self": 0.06625390000010611,
                                                    "children": {
                                                        "UnityEnvironment._generate_step_input": {
                                                            "total": 0.12954109999998664,
                                                            "count": 1055,
                                                            "is_parallel": true,
                                                            "self": 0.12954109999998664
                                                        },
                                                        "communicator.exchange": {
                                                            "total": 10.219743500000035,
                                                            "count": 1055,
                                                            "is_parallel": true,
                                                            "self": 10.219743500000035
                                                        },
                                                        "steps_from_proto": {
                                                            "total": 0.18237409999991883,
                                                            "count": 1055,
                                                            "is_parallel": true,
                                                            "self": 0.0757250000000198,
                                                            "children": {
                                                                "_process_vector_observation": {
                                                                    "total": 0.10664909999989902,
                                                                    "count": 2110,
                                                                    "is_parallel": true,
                                                                    "self": 0.10664909999989902
                                                                }
                                                            }
                                                        }
                                                    }
                                                }
                                            }
                                        }
                                    }
                                }
                            }
                        }
                    }
                },
                "trainer_threads": {
                    "total": 5.149999999787269e-05,
                    "count": 1,
                    "self": 5.149999999787269e-05,
                    "children": {
                        "thread_root": {
                            "total": 0.0,
                            "count": 0,
                            "is_parallel": true,
                            "self": 0.0,
                            "children": {
                                "trainer_advance": {
                                    "total": 12.723402400000069,
                                    "count": 861,
                                    "is_parallel": true,
                                    "self": 0.054174300000049413,
                                    "children": {
                                        "process_trajectory": {
                                            "total": 12.66922810000002,
                                            "count": 861,
                                            "is_parallel": true,