{
    "name": "root",
    "gauges": {
        "MyBehavior.Policy.Entropy.mean": {
            "value": 1.246842861175537,
            "min": 1.246842861175537,
            "max": 1.427606463432312,
            "count": 10
        },
        "MyBehavior.Environment.EpisodeLength.mean": {
            "value": 704.5655172413793,
            "min": 33.259355316783996,
            "max": 704.5655172413793,
            "count": 10
        },
        "MyBehavior.Policy.ExtrinsicValueEstimate.mean": {
            "value": 4.274243354797363,
            "min": -0.3011351525783539,
            "max": 4.274243354797363,
            "count": 10
        },
        "MyBehavior.Environment.CumulativeReward.mean": {
            "value": 32.596554705192304,
            "min": -3.334074870011609,
            "max": 32.596554705192304,
            "count": 10
        },
        "MyBehavior.Policy.ExtrinsicReward.mean": {
            "value": 32.596554705192304,
            "min": -3.334074870011609,
            "max": 32.596554705192304,
            "count": 10
        },
        "MyBehavior.Losses.ValueLoss.mean": {
            "value": 0.4821377992630005,
            "min": 0.4821377992630005,
            "max": 8.895984649658203,
            "count": 10
        },
        "MyBehavior.Losses.PolicyLoss.mean": {
            "value": 0.02343829534947872,
            "min": 0.021198969334363937,
            "max": 0.026237480342388153,
            "count": 10
        },
        "MyBehavior.Policy.LearningRate.mean": {
            "value": 1.537269781692885e-05,
            "min": 1.537269781692885e-05,
            "max": 0.0002845819981303066,
            "count": 10
        },
        "MyBehavior.Policy.Epsilon.mean": {
            "value": 0.10512420535087585,
            "min": 0.10512420535087585,
            "max": 0.19486065208911896,
            "count": 10
        },
        "MyBehavior.Policy.Beta.mean": {
            "value": 0.000265697599388659,
            "min": 0.000265697599388659,
            "max": 0.004743546713143587,
            "count": 10
        },
        "MyBehavior.IsTraining.mean": {
            "value": 1.0,
            "min": 1.0,
            "max": 1.0,
            "count": 10
        }
    },
    "metadata": {
        "timer_format_version": "0.1.0",
        "start_time_seconds": "1597795304",
        "python_version": "3.8.3 (tags/v3.8.3:6f8c832, May 13 2020, 22:37:02) [MSC v.1924 64 bit (AMD64)]",
        "command_line_arguments": "C:\\Python38\\Scripts\\mlagents-learn Behaviour.yaml --run-id=TestMisto",
        "mlagents_version": "0.18.0",
        "mlagents_envs_version": "0.18.0",
        "communication_protocol_version": "1.0.0",
        "tensorflow_version": "2.2.0",
        "end_time_seconds": "1597796029"
    },
    "total": 725.1152968,
    "count": 1,
    "self": 0.292307199999982,
    "children": {
        "run_training.setup": {
            "total": 0.007942400000000127,
            "count": 1,
            "self": 0.007942400000000127
        },
        "TrainerController.start_learning": {
            "total": 724.8150472,
            "count": 1,
            "self": 22.57968889999836,
            "children": {
                "TrainerController._reset_env": {
                    "total": 6.6586352,
                    "count": 1,
                    "self": 6.6586352
                },
                "TrainerController.advance": {
                    "total": 694.0504030000016,
                    "count": 14805,
                    "self": 0.20804630000418456,
                    "children": {
                        "env_step": {
                            "total": 693.8423566999974,
                            "count": 14805,
                            "self": 680.6197067000053,
                            "children": {
                                "SubprocessEnvManager._take_step": {
                                    "total": 13.027274699999857,
                                    "count": 14805,
                                    "self": 0.9025218000032371,
                                    "children": {
                                        "NNPolicy.evaluate": {
                                            "total": 12.12475289999662,
                                            "count": 10453,
                                            "self": 12.12475289999662
                                        }
                                    }
                                },
                                "workers": {
                                    "total": 0.19537529999222336,
                                    "count": 14805,
                                    "self": 0.0,
                                    "children": {
                                        "worker_root": {
                                            "total": 715.5156429000003,
                                            "count": 14805,
                                            "is_parallel": true,
                                            "self": 115.96990549999794,
                                            "children": {
                                                "steps_from_proto": {
                                                    "total": 0.001393900000000059,
                                                    "count": 1,
                                                    "is_parallel": true,
                                                    "self": 0.00020890000000051145,
                                                    "children": {
                                                        "_process_vector_observation": {
                                                            "total": 0.0011849999999995475,
                                                            "count": 2,
                                                            "is_parallel": true,
                                                            "self": 0.0011849999999995475
                                                        }
                                                    }
                                                },
                                                "UnityEnvironment.step": {
                                                    "total": 599.5443435000024,
                                                    "count": 14805,
                                                    "is_parallel": true,
                                                    "self": 2.1944886000055703,
                                                    "children": {
                                                        "UnityEnvironment._generate_step_input": {
                                                            "total": 28.63945499999869,
                                                            "count": 14805,
                                                            "is_parallel": true,
                                                            "self": 28.63945499999869
                                                        },
                                                        "communicator.exchange": {
                                                            "total": 556.1807006000018,
                                                            "count": 14805,
                                                            "is_parallel": true,
                                                            "self": 556.1807006000018
                                                        },
                                                        "steps_from_proto": {
                                                            "total": 12.529699299996219,
                                                            "count": 14805,
                                                            "is_parallel": true,
                                                            "self": 2.2354951000098495,