{
    "name": "root",
    "gauges": {
        "MyBehavior.Policy.Entropy.mean": {
            "value": 1.1343728303909302,
            "min": 1.1343728303909302,
            "max": 1.409264326095581,
            "count": 20
        },
        "MyBehavior.Environment.EpisodeLength.mean": {
            "value": 1659.659574468085,
            "min": 15.21967321340155,
            "max": 1659.659574468085,
            "count": 20
        },
        "MyBehavior.Policy.ExtrinsicValueEstimate.mean": {
            "value": 4.463809967041016,
            "min": -4.01673698425293,
            "max": 4.463809967041016,
            "count": 20
        },
        "MyBehavior.Environment.CumulativeReward.mean": {
            "value": 77.98298598857636,
            "min": -4.239016346538749,
            "max": 77.98298598857636,
            "count": 20
        },
        "MyBehavior.Policy.ExtrinsicReward.mean": {
            "value": 77.98298598857636,
            "min": -4.239016346538749,
            "max": 77.98298598857636,
            "count": 20
        },
        "MyBehavior.Losses.ValueLoss.mean": {
            "value": 0.3210245668888092,
            "min": 0.3210245668888092,
            "max": 2.5081183910369873,
            "count": 20
        },
        "MyBehavior.Losses.PolicyLoss.mean": {
            "value": 0.02376933954656124,
            "min": 0.022402606904506683,
            "max": 0.025385461747646332,
            "count": 20
        },
        "MyBehavior.Policy.LearningRate.mean": {
            "value": 7.562079645140329e-06,
            "min": 7.562079645140329e-06,
            "max": 0.00029230289510451257,
            "count": 20
        },
        "MyBehavior.Policy.Epsilon.mean": {
            "value": 0.10252067446708679,
            "min": 0.10252067446708679,
            "max": 0.19743430614471436,
            "count": 20
        },
        "MyBehavior.Policy.Beta.mean": {
            "value": 0.0001357809524051845,
            "min": 0.0001357809524051845,
            "max": 0.004871970973908901,
            "count": 20
        },
        "MyBehavior.IsTraining.mean": {
            "value": 1.0,
            "min": 1.0,
            "max": 1.0,
            "count": 20
        }
    },
    "metadata": {
        "timer_format_version": "0.1.0",
        "start_time_seconds": "1598050840",
        "python_version": "3.8.3 (tags/v3.8.3:6f8c832, May 13 2020, 22:37:02) [MSC v.1924 64 bit (AMD64)]",
        "command_line_arguments": "C:\\Python38\\Scripts\\mlagents-learn configuration.yaml --run-id=TestNormale",
        "mlagents_version": "0.18.0",
        "mlagents_envs_version": "0.18.0",
        "communication_protocol_version": "1.0.0",
        "tensorflow_version": "2.2.0",
        "end_time_seconds": "1598052309"
    },
    "total": 1469.2892044999999,
    "count": 1,
    "self": 0.33981599999992795,
    "children": {
        "run_training.setup": {
            "total": 0.008868399999999887,
            "count": 1,
            "self": 0.008868399999999887
        },
        "TrainerController.start_learning": {
            "total": 1468.9405201,
            "count": 1,
            "self": 43.897226300014836,
            "children": {
                "TrainerController._reset_env": {
                    "total": 14.721568099999999,
                    "count": 1,
                    "self": 14.721568099999999
                },
                "TrainerController.advance": {
                    "total": 1408.868517799985,
                    "count": 31230,
                    "self": 0.426357099988536,
                    "children": {
                        "env_step": {
                            "total": 1408.4421606999965,
                            "count": 31230,
                            "self": 1383.0417852000019,
                            "children": {
                                "SubprocessEnvManager._take_step": {
                                    "total": 24.98481629999247,
                                    "count": 31230,
                                    "self": 1.8023831999920787,
                                    "children": {
                                        "NNPolicy.evaluate": {
                                            "total": 23.18243310000039,
                                            "count": 20870,
                                            "self": 23.18243310000039
                                        }
                                    }
                                },
                                "workers": {
                                    "total": 0.4155592000021713,
                                    "count": 31230,
                                    "self": 0.0,
                                    "children": {
                                        "worker_root": {
                                            "total": 1451.1038340999985,
                                            "count": 31230,
                                            "is_parallel": true,
                                            "self": 233.22300499999005,
                                            "children": {
                                                "steps_from_proto": {
                                                    "total": 0.001811500000000521,
                                                    "count": 1,
                                                    "is_parallel": true,
                                                    "self": 0.0002770999999999191,
                                                    "children": {
                                                        "_process_vector_observation": {
                                                            "total": 0.001534400000000602,
                                                            "count": 2,
                                                            "is_parallel": true,
                                                            "self": 0.001534400000000602
                                                        }
                                                    }
                                                },
                                                "UnityEnvironment.step": {
                                                    "total": 1217.8790176000084,
                                                    "count": 31230,
                                                    "is_parallel": true,
                                                    "self": 4.645216300046513,
                                                    "children": {
                                                        "UnityEnvironment._generate_step_input": {
                                                            "total": 55.82771679998258,
                                                            "count": 31230,
                                                            "is_parallel": true,
                                                            "self": 55.82771679998258
                                                        },
                                                        "communicator.exchange": {
                                                            "total": 1131.0976815999925,
                                                            "count": 31230,
                                                            "is_parallel": true,
                                                            "self": 1131.0976815999925
                                                        },
                                                        "steps_from_proto": {
                                                            "total": 26.308402899986834,
                                                            "count": 31230,
                                                            "is_parallel": true,