{
    "name": "root",
    "gauges": {
        "MyBehavior.Policy.Entropy.mean": {
            "value": 1.2775816917419434,
            "min": 1.2775816917419434,
            "max": 1.415155291557312,
            "count": 10
        },
        "MyBehavior.Environment.EpisodeLength.mean": {
            "value": 877.9605263157895,
            "min": 22.17134765164031,
            "max": 877.9605263157895,
            "count": 10
        },
        "MyBehavior.Policy.ExtrinsicValueEstimate.mean": {
            "value": 3.8914997577667236,
            "min": -2.1008710861206055,
            "max": 3.8914997577667236,
            "count": 10
        },
        "MyBehavior.Environment.CumulativeReward.mean": {
            "value": 38.898030055196664,
            "min": -3.8914326205691387,
            "max": 38.898030055196664,
            "count": 10
        },
        "MyBehavior.Policy.ExtrinsicReward.mean": {
            "value": 38.898030055196664,
            "min": -3.8914326205691387,
            "max": 38.898030055196664,
            "count": 10
        },
        "MyBehavior.Losses.ValueLoss.mean": {
            "value": 0.4855171740055084,
            "min": 0.4855171740055084,
            "max": 4.836864948272705,
            "count": 10
        },
        "MyBehavior.Losses.PolicyLoss.mean": {
            "value": 0.023053370416164398,
            "min": 0.02156875468790531,
            "max": 0.02620861306786537,
            "count": 10
        },
        "MyBehavior.Policy.LearningRate.mean": {
            "value": 1.532219903310761e-05,
            "min": 1.532219903310761e-05,
            "max": 0.0002845918061211705,
            "count": 10
        },
        "MyBehavior.Policy.Epsilon.mean": {
            "value": 0.1051073670387268,
            "min": 0.1051073670387268,
            "max": 0.1948639154434204,
            "count": 10
        },
        "MyBehavior.Policy.Beta.mean": {
            "value": 0.00026485766284167767,
            "min": 0.00026485766284167767,
            "max": 0.004743709694594145,
            "count": 10
        },
        "MyBehavior.IsTraining.mean": {
            "value": 1.0,
            "min": 1.0,
            "max": 1.0,
            "count": 10
        }
    },
    "metadata": {
        "timer_format_version": "0.1.0",
        "start_time_seconds": "1597796684",
        "python_version": "3.8.3 (tags/v3.8.3:6f8c832, May 13 2020, 22:37:02) [MSC v.1924 64 bit (AMD64)]",
        "command_line_arguments": "C:\\Python38\\Scripts\\mlagents-learn Behaviour.yaml --run-id=TestNormale",
        "mlagents_version": "0.18.0",
        "mlagents_envs_version": "0.18.0",
        "communication_protocol_version": "1.0.0",
        "tensorflow_version": "2.2.0",
        "end_time_seconds": "1597797424"
    },
    "total": 739.7780699,
    "count": 1,
    "self": 0.3144700999999941,
    "children": {
        "run_training.setup": {
            "total": 0.007465900000000136,
            "count": 1,
            "self": 0.007465900000000136
        },
        "TrainerController.start_learning": {
            "total": 739.4561338999999,
            "count": 1,
            "self": 22.798286300001905,
            "children": {
                "TrainerController._reset_env": {
                    "total": 6.6287453,
                    "count": 1,
                    "self": 6.6287453
                },
                "TrainerController.advance": {
                    "total": 708.552283099998,
                    "count": 16280,
                    "self": 0.23366360000363784,
                    "children": {
                        "env_step": {
                            "total": 708.3186194999944,
                            "count": 16280,
                            "self": 694.7716251999859,
                            "children": {
                                "SubprocessEnvManager._take_step": {
                                    "total": 13.32990960000925,
                                    "count": 16280,
                                    "self": 0.9127393000110295,
                                    "children": {
                                        "NNPolicy.evaluate": {
                                            "total": 12.41717029999822,
                                            "count": 10457,
                                            "self": 12.41717029999822
                                        }
                                    }
                                },
                                "workers": {
                                    "total": 0.21708469999924063,
                                    "count": 16280,
                                    "self": 0.0,
                                    "children": {
                                        "worker_root": {
                                            "total": 730.3179864999984,
                                            "count": 16280,
                                            "is_parallel": true,
                                            "self": 117.60498420000272,
                                            "children": {
                                                "steps_from_proto": {
                                                    "total": 0.001764599999999561,
                                                    "count": 1,
                                                    "is_parallel": true,
                                                    "self": 0.00027719999999931133,
                                                    "children": {
                                                        "_process_vector_observation": {
                                                            "total": 0.0014874000000002496,
                                                            "count": 2,
                                                            "is_parallel": true,
                                                            "self": 0.0014874000000002496
                                                        }
                                                    }
                                                },
                                                "UnityEnvironment.step": {
                                                    "total": 612.7112376999956,
                                                    "count": 16280,
                                                    "is_parallel": true,
                                                    "self": 2.3530510999914895,
                                                    "children": {
                                                        "UnityEnvironment._generate_step_input": {
                                                            "total": 27.724646900000934,
                                                            "count": 16280,
                                                            "is_parallel": true,
                                                            "self": 27.724646900000934
                                                        },
                                                        "communicator.exchange": {
                                                            "total": 569.6188312000041,
                                                            "count": 16280,
                                                            "is_parallel": true,
                                                            "self": 569.6188312000041
                                                        },
                                                        "steps_from_proto": {
                                                            "total": 13.014708499999085,
                                                            "count": 16280,
                                                            "is_parallel": true,