{
    "name": "root",
    "gauges": {
        "MyBehavior.Policy.Entropy.mean": {
            "value": 1.188576579093933,
            "min": 1.188576579093933,
            "max": 1.417159914970398,
            "count": 20
        },
        "MyBehavior.Environment.EpisodeLength.mean": {
            "value": 6205.090909090909,
            "min": 17.964818355640535,
            "max": 6205.090909090909,
            "count": 20
        },
        "MyBehavior.Policy.ExtrinsicValueEstimate.mean": {
            "value": 4.902810096740723,
            "min": -3.233260154724121,
            "max": 4.903794288635254,
            "count": 20
        },
        "MyBehavior.Environment.CumulativeReward.mean": {
            "value": 305.25457299839366,
            "min": -4.103078985925523,
            "max": 305.25457299839366,
            "count": 20
        },
        "MyBehavior.Policy.ExtrinsicReward.mean": {
            "value": 305.25457299839366,
            "min": -4.103078985925523,
            "max": 305.25457299839366,
            "count": 20
        },
        "MyBehavior.Losses.ValueLoss.mean": {
            "value": 0.08219240605831146,
            "min": 0.06503228098154068,
            "max": 3.383786916732788,
            "count": 20
        },
        "MyBehavior.Losses.PolicyLoss.mean": {
            "value": 0.023689931258559227,
            "min": 0.02181408368051052,
            "max": 0.025807436555624008,
            "count": 20
        },
        "MyBehavior.Policy.LearningRate.mean": {
            "value": 7.549898327852134e-06,
            "min": 7.549898327852134e-06,
            "max": 0.00029228616040199995,
            "count": 20
        },
        "MyBehavior.Policy.Epsilon.mean": {
            "value": 0.10251660645008087,
            "min": 0.10251660645008087,
            "max": 0.19742874801158905,
            "count": 20
        },
        "MyBehavior.Policy.Beta.mean": {
            "value": 0.00013557836064137518,
            "min": 0.00013557836064137518,
            "max": 0.004871692508459091,
            "count": 20
        },
        "MyBehavior.IsTraining.mean": {
            "value": 1.0,
            "min": 1.0,
            "max": 1.0,
            "count": 20
        }
    },
    "metadata": {
        "timer_format_version": "0.1.0",
        "start_time_seconds": "1597152629",
        "python_version": "3.8.3 (tags/v3.8.3:6f8c832, May 13 2020, 22:37:02) [MSC v.1924 64 bit (AMD64)]",
        "command_line_arguments": "C:\\Python38\\Scripts\\mlagents-learn configuration.yaml --run-id=TestNormale2",
        "mlagents_version": "0.18.0",
        "mlagents_envs_version": "0.18.0",
        "communication_protocol_version": "1.0.0",
        "tensorflow_version": "2.2.0",
        "end_time_seconds": "1597154060"
    },
    "total": 1430.9081003,
    "count": 1,
    "self": 0.288983799999869,
    "children": {
        "run_training.setup": {
            "total": 0.008570699999999931,
            "count": 1,
            "self": 0.008570699999999931
        },
        "TrainerController.start_learning": {
            "total": 1430.6105458,
            "count": 1,
            "self": 34.45589419999169,
            "children": {
                "TrainerController._reset_env": {
                    "total": 10.1186687,
                    "count": 1,
                    "self": 10.1186687
                },
                "TrainerController.advance": {
                    "total": 1384.7190728000082,
                    "count": 27614,
                    "self": 0.3764592000036373,
                    "children": {
                        "env_step": {
                            "total": 1384.3426136000046,
                            "count": 27614,
                            "self": 1351.6282509000043,
                            "children": {
                                "SubprocessEnvManager._take_step": {
                                    "total": 32.358029799997595,
                                    "count": 27614,
                                    "self": 2.029695699998044,
                                    "children": {
                                        "NNPolicy.evaluate": {
                                            "total": 30.32833409999955,
                                            "count": 20878,
                                            "self": 30.32833409999955
                                        }
                                    }
                                },
                                "workers": {
                                    "total": 0.3563329000027,
                                    "count": 27614,
                                    "self": 0.0,
                                    "children": {
                                        "worker_root": {
                                            "total": 1417.6366680999934,
                                            "count": 27614,
                                            "is_parallel": true,
                                            "self": 218.3343640999933,
                                            "children": {
                                                "steps_from_proto": {
                                                    "total": 0.0013406000000006912,
                                                    "count": 1,
                                                    "is_parallel": true,
                                                    "self": 0.00023420000000129448,
                                                    "children": {
                                                        "_process_vector_observation": {
                                                            "total": 0.0011063999999993968,
                                                            "count": 2,
                                                            "is_parallel": true,
                                                            "self": 0.0011063999999993968
                                                        }
                                                    }
                                                },
                                                "UnityEnvironment.step": {
                                                    "total": 1199.3009634,
                                                    "count": 27614,
                                                    "is_parallel": true,
                                                    "self": 4.298272199999701,
                                                    "children": {
                                                        "UnityEnvironment._generate_step_input": {
                                                            "total": 60.04820250001068,
                                                            "count": 27614,
                                                            "is_parallel": true,
                                                            "self": 60.04820250001068
                                                        },
                                                        "communicator.exchange": {
                                                            "total": 1110.0900505999987,
                                                            "count": 27614,
                                                            "is_parallel": true,
                                                            "self": 1110.0900505999987
                                                        },
                                                        "steps_from_proto": {
                                                            "total": 24.864438099990977,
                                                            "count": 27614,
                                                            "is_parallel": true,
                                                            "self": 4.280728400002893,