{
    "name": "root",
    "metadata": {
        "timer_format_version": "0.1.0",
        "start_time_seconds": "1595535062",
        "python_version": "3.8.3 (tags/v3.8.3:6f8c832, May 13 2020, 22:37:02) [MSC v.1924 64 bit (AMD64)]",
        "command_line_arguments": "C:\\Python38\\Scripts\\mlagents-learn Behaviour.yaml --run-id=Test13",
        "mlagents_version": "0.18.0",
        "mlagents_envs_version": "0.18.0",
        "communication_protocol_version": "1.0.0",
        "tensorflow_version": "2.2.0",
        "end_time_seconds": "1595535079"
    },
    "total": 16.9130656,
    "count": 1,
    "self": 0.011668399999997803,
    "children": {
        "run_training.setup": {
            "total": 0.007632000000000083,
            "count": 1,
            "self": 0.007632000000000083
        },
        "TrainerController.start_learning": {
            "total": 16.8937652,
            "count": 1,
            "self": 2.215662700000001,
            "children": {
                "TrainerController._reset_env": {
                    "total": 8.7752656,
                    "count": 1,
                    "self": 8.7752656
                },
                "TrainerController.advance": {
                    "total": 4.214035100000002,
                    "count": 329,
                    "self": 0.00397389999997344,
                    "children": {
                        "env_step": {
                            "total": 4.210061200000029,
                            "count": 329,
                            "self": 3.929916700000044,
                            "children": {
                                "SubprocessEnvManager._take_step": {
                                    "total": 0.27628120000000145,
                                    "count": 329,
                                    "self": 0.008790800000019416,
                                    "children": {
                                        "NNPolicy.evaluate": {
                                            "total": 0.26749039999998203,
                                            "count": 321,
                                            "self": 0.26749039999998203
                                        }
                                    }
                                },
                                "workers": {
                                    "total": 0.0038632999999830275,
                                    "count": 328,
                                    "self": 0.0,
                                    "children": {
                                        "worker_root": {
                                            "total": 5.893632499999979,
                                            "count": 328,
                                            "is_parallel": true,
                                            "self": 2.3179781999999776,
                                            "children": {
                                                "steps_from_proto": {
                                                    "total": 0.0004196000000007416,
                                                    "count": 1,
                                                    "is_parallel": true,
                                                    "self": 0.00014469999999988659,
                                                    "children": {
                                                        "_process_vector_observation": {
                                                            "total": 0.000274900000000855,
                                                            "count": 2,
                                                            "is_parallel": true,
                                                            "self": 0.000274900000000855
                                                        }
                                                    }
                                                },
                                                "UnityEnvironment.step": {
                                                    "total": 3.575234700000001,
                                                    "count": 328,
                                                    "is_parallel": true,
                                                    "self": 0.02099530000001515,
                                                    "children": {
                                                        "UnityEnvironment._generate_step_input": {
                                                            "total": 0.04259860000001048,
                                                            "count": 328,
                                                            "is_parallel": true,
                                                            "self": 0.04259860000001048
                                                        },
                                                        "communicator.exchange": {
                                                            "total": 3.4547334999999926,
                                                            "count": 328,
                                                            "is_parallel": true,
                                                            "self": 3.4547334999999926
                                                        },
                                                        "steps_from_proto": {
                                                            "total": 0.0569072999999829,
                                                            "count": 328,
                                                            "is_parallel": true,
                                                            "self": 0.024388299999996477,
                                                            "children": {
                                                                "_process_vector_observation": {
                                                                    "total": 0.03251899999998642,
                                                                    "count": 656,
                                                                    "is_parallel": true,
                                                                    "self": 0.03251899999998642
                                                                }
                                                            }
                                                        }
                                                    }
                                                }
                                            }
                                        }
                                    }
                                }
                            }
                        }
                    }
                },
                "trainer_threads": {
                    "total": 7.189999999823726e-05,
                    "count": 1,
                    "self": 7.189999999823726e-05,
                    "children": {
                        "thread_root": {
                            "total": 0.0,
                            "count": 0,
                            "is_parallel": true,
                            "self": 0.0,
                            "children": {
                                "trainer_advance": {
                                    "total": 4.255256099999929,
                                    "count": 2106,
                                    "is_parallel": true,
                                    "self": 0.08496189999996595,
                                    "children": {
                                        "process_trajectory": {
                                            "total": 4.170294199999963,
                                            "count": 2106,
                                            "is_parallel": true,