{
    "name": "root",
    "gauges": {
        "MyBehavior.Policy.Entropy.mean": {
            "value": 1.183962106704712,
            "min": 1.183962106704712,
            "max": 1.4156286716461182,
            "count": 20
        },
        "MyBehavior.Environment.EpisodeLength.mean": {
            "value": 902.1696428571429,
            "min": 30.95358788676761,
            "max": 919.7964601769911,
            "count": 20
        },
        "MyBehavior.Policy.ExtrinsicValueEstimate.mean": {
            "value": 4.833409786224365,
            "min": -1.7474948167800903,
            "max": 4.865427017211914,
            "count": 20
        },
        "MyBehavior.Environment.CumulativeReward.mean": {
            "value": 44.301789566874504,
            "min": -3.452667106088934,
            "max": 45.369472961510176,
            "count": 20
        },
        "MyBehavior.Policy.ExtrinsicReward.mean": {
            "value": 44.301789566874504,
            "min": -3.452667106088934,
            "max": 45.369472961510176,
            "count": 20
        },
        "MyBehavior.Losses.ValueLoss.mean": {
            "value": 0.1396889090538025,
            "min": 0.1030602902173996,
            "max": 2.35746169090271,
            "count": 20
        },
        "MyBehavior.Losses.PolicyLoss.mean": {
            "value": 0.024325884878635406,
            "min": 0.022218884900212288,
            "max": 0.024774624034762383,
            "count": 20
        },
        "MyBehavior.Policy.LearningRate.mean": {
            "value": 7.680397175136022e-06,
            "min": 7.680397175136022e-06,
            "max": 0.00029227847699075937,
            "count": 20
        },
        "MyBehavior.Policy.Epsilon.mean": {
            "value": 0.10256010293960571,
            "min": 0.10256010293960571,
            "max": 0.19742615520954132,
            "count": 20
        },
        "MyBehavior.Policy.Beta.mean": {
            "value": 0.00013774895342066884,
            "min": 0.00013774895342066884,
            "max": 0.004871564917266369,
            "count": 20
        },
        "MyBehavior.IsTraining.mean": {
            "value": 1.0,
            "min": 1.0,
            "max": 1.0,
            "count": 20
        }
    },
    "metadata": {
        "timer_format_version": "0.1.0",
        "start_time_seconds": "1596644871",
        "python_version": "3.8.3 (tags/v3.8.3:6f8c832, May 13 2020, 22:37:02) [MSC v.1924 64 bit (AMD64)]",
        "command_line_arguments": "C:\\Python38\\Scripts\\mlagents-learn configuration.yaml --run-id=4TestMisto",
        "mlagents_version": "0.18.0",
        "mlagents_envs_version": "0.18.0",
        "communication_protocol_version": "1.0.0",
        "tensorflow_version": "2.2.0",
        "end_time_seconds": "1596646288"
    },
    "total": 1417.4582951,
    "count": 1,
    "self": 0.34685689999992064,
    "children": {
        "run_training.setup": {
            "total": 0.008060700000000143,
            "count": 1,
            "self": 0.008060700000000143
        },
        "TrainerController.start_learning": {
            "total": 1417.1033775,
            "count": 1,
            "self": 36.360725000006596,
            "children": {
                "TrainerController._reset_env": {
                    "total": 9.078578499999999,
                    "count": 1,
                    "self": 9.078578499999999
                },
                "TrainerController.advance": {
                    "total": 1370.1464898999934,
                    "count": 25775,
                    "self": 0.3855488999938643,
                    "children": {
                        "env_step": {
                            "total": 1369.7609409999995,
                            "count": 25775,
                            "self": 1338.4066001999877,
                            "children": {
                                "SubprocessEnvManager._take_step": {
                                    "total": 31.00897780001032,
                                    "count": 25775,
                                    "self": 2.0440508000096678,
                                    "children": {
                                        "NNPolicy.evaluate": {
                                            "total": 28.964927000000653,
                                            "count": 20877,
                                            "self": 28.964927000000653
                                        }
                                    }
                                },
                                "workers": {
                                    "total": 0.3453630000015231,
                                    "count": 25775,
                                    "self": 0.0,
                                    "children": {
                                        "worker_root": {
                                            "total": 1405.013288099995,
                                            "count": 25775,
                                            "is_parallel": true,
                                            "self": 223.03517199998737,
                                            "children": {
                                                "steps_from_proto": {
                                                    "total": 0.0014210000000005607,
                                                    "count": 1,
                                                    "is_parallel": true,
                                                    "self": 0.00022429999999928896,
                                                    "children": {
                                                        "_process_vector_observation": {
                                                            "total": 0.0011967000000012717,
                                                            "count": 2,
                                                            "is_parallel": true,
                                                            "self": 0.0011967000000012717
                                                        }
                                                    }
                                                },
                                                "UnityEnvironment.step": {
                                                    "total": 1181.9766951000076,
                                                    "count": 25775,
                                                    "is_parallel": true,
                                                    "self": 4.376952500002062,
                                                    "children": {
                                                        "UnityEnvironment._generate_step_input": {
                                                            "total": 60.3412453000058,
                                                            "count": 25775,
                                                            "is_parallel": true,
                                                            "self": 60.3412453000058
                                                        },
                                                        "communicator.exchange": {
                                                            "total": 1092.1807710999997,
                                                            "count": 25775,
                                                            "is_parallel": true,
                                                            "self": 1092.1807710999997
                                                        },
                                                        "steps_from_proto": {
                                                            "total": 25.077726200000185,
                                                            "count": 25775,
                                                            "is_parallel": true,