{
    "name": "root",
    "gauges": {
        "MyBehavior.Policy.Entropy.mean": {
            "value": 1.141095757484436,
            "min": 1.141095757484436,
            "max": 1.4130527973175049,
            "count": 20
        },
        "MyBehavior.Environment.EpisodeLength.mean": {
            "value": 1427.6666666666667,
            "min": 18.965004022526145,
            "max": 1434.2153846153847,
            "count": 20
        },
        "MyBehavior.Policy.ExtrinsicValueEstimate.mean": {
            "value": 4.367406845092773,
            "min": -2.8562357425689697,
            "max": 4.367406845092773,
            "count": 20
        },
        "MyBehavior.Environment.CumulativeReward.mean": {
            "value": 66.73897688178455,
            "min": -4.051740424110136,
            "max": 66.73897688178455,
            "count": 20
        },
        "MyBehavior.Policy.ExtrinsicReward.mean": {
            "value": 66.73897688178455,
            "min": -4.051740424110136,
            "max": 66.73897688178455,
            "count": 20
        },
        "MyBehavior.Losses.ValueLoss.mean": {
            "value": 0.4305376410484314,
            "min": 0.39108023047447205,
            "max": 4.310861587524414,
            "count": 20
        },
        "MyBehavior.Losses.PolicyLoss.mean": {
            "value": 0.024134863168001175,
            "min": 0.021947167813777924,
            "max": 0.02527441456913948,
            "count": 20
        },
        "MyBehavior.Policy.LearningRate.mean": {
            "value": 6.996217962296214e-06,
            "min": 6.996217962296214e-06,
            "max": 0.00029229989740997553,
            "count": 20
        },
        "MyBehavior.Policy.Epsilon.mean": {
            "value": 0.10233204066753387,
            "min": 0.10233204066753387,
            "max": 0.19743329286575317,
            "count": 20
        },
        "MyBehavior.Policy.Beta.mean": {
            "value": 0.00012636878818739206,
            "min": 0.00012636878818739206,
            "max": 0.004871921148151159,
            "count": 20
        },
        "MyBehavior.IsTraining.mean": {
            "value": 1.0,
            "min": 1.0,
            "max": 1.0,
            "count": 20
        }
    },
    "metadata": {
        "timer_format_version": "0.1.0",
        "start_time_seconds": "1597341477",
        "python_version": "3.8.3 (tags/v3.8.3:6f8c832, May 13 2020, 22:37:02) [MSC v.1924 64 bit (AMD64)]",
        "command_line_arguments": "C:\\Python38\\Scripts\\mlagents-learn configuration.yaml --run-id=DaCancellare",
        "mlagents_version": "0.18.0",
        "mlagents_envs_version": "0.18.0",
        "communication_protocol_version": "1.0.0",
        "tensorflow_version": "2.2.0",
        "end_time_seconds": "1597343118"
    },
    "total": 1640.9593524999998,
    "count": 1,
    "self": 0.36600129999987985,
    "children": {
        "run_training.setup": {
            "total": 0.009777799999999726,
            "count": 1,
            "self": 0.009777799999999726
        },
        "TrainerController.start_learning": {
            "total": 1640.5835734,
            "count": 1,
            "self": 39.89300699999649,
            "children": {
                "TrainerController._reset_env": {
                    "total": 9.5003654,
                    "count": 1,
                    "self": 9.5003654
                },
                "TrainerController.advance": {
                    "total": 1589.5545667000035,
                    "count": 30678,
                    "self": 0.5005673000052866,
                    "children": {
                        "env_step": {
                            "total": 1589.0539993999982,
                            "count": 30678,
                            "self": 1556.867728099986,
                            "children": {
                                "SubprocessEnvManager._take_step": {
                                    "total": 31.74267830000477,
                                    "count": 30678,
                                    "self": 2.233533700015574,
                                    "children": {
                                        "NNPolicy.evaluate": {
                                            "total": 29.509144599989195,
                                            "count": 20879,
                                            "self": 29.509144599989195
                                        }
                                    }
                                },
                                "workers": {
                                    "total": 0.44359300000766666,
                                    "count": 30678,
                                    "self": 0.0,
                                    "children": {
                                        "worker_root": {
                                            "total": 1627.1664768000055,
                                            "count": 30678,
                                            "is_parallel": true,
                                            "self": 250.002301400026,
                                            "children": {
                                                "steps_from_proto": {
                                                    "total": 0.001758199999999377,
                                                    "count": 1,
                                                    "is_parallel": true,
                                                    "self": 0.0002808000000005251,
                                                    "children": {
                                                        "_process_vector_observation": {
                                                            "total": 0.0014773999999988519,
                                                            "count": 2,
                                                            "is_parallel": true,
                                                            "self": 0.0014773999999988519
                                                        }
                                                    }
                                                },
                                                "UnityEnvironment.step": {
                                                    "total": 1377.1624171999795,
                                                    "count": 30678,
                                                    "is_parallel": true,
                                                    "self": 5.480423299987024,
                                                    "children": {
                                                        "UnityEnvironment._generate_step_input": {
                                                            "total": 65.3178539999891,
                                                            "count": 30678,
                                                            "is_parallel": true,
                                                            "self": 65.3178539999891
                                                        },
                                                        "communicator.exchange": {
                                                            "total": 1276.7032150000005,
                                                            "count": 30678,
                                                            "is_parallel": true,
                                                            "self": 1276.7032150000005
                                                        },
                                                        "steps_from_proto": {
                                                            "total": 29.660924900002918,
                                                            "count": 30678,
                                                            "is_parallel": true,