{
    "name": "root",
    "gauges": {
        "MyBehavior.Policy.Entropy.mean": {
            "value": 1.1636689901351929,
            "min": 1.1636689901351929,
            "max": 1.4144574403762817,
            "count": 20
        },
        "MyBehavior.Environment.EpisodeLength.mean": {
            "value": 1889.7435897435898,
            "min": 19.289084940500615,
            "max": 1889.7435897435898,
            "count": 20
        },
        "MyBehavior.Policy.ExtrinsicValueEstimate.mean": {
            "value": 4.574605941772461,
            "min": -1.4018969535827637,
            "max": 4.574605941772461,
            "count": 20
        },
        "MyBehavior.Environment.CumulativeReward.mean": {
            "value": 89.48718779514998,
            "min": -4.035545731011501,
            "max": 89.48718779514998,
            "count": 20
        },
        "MyBehavior.Policy.ExtrinsicReward.mean": {
            "value": 89.48718779514998,
            "min": -4.035545731011501,
            "max": 89.48718779514998,
            "count": 20
        },
        "MyBehavior.Losses.ValueLoss.mean": {
            "value": 0.2791925370693207,
            "min": 0.2791925370693207,
            "max": 23.62063217163086,
            "count": 20
        },
        "MyBehavior.Losses.PolicyLoss.mean": {
            "value": 0.02566029317677021,
            "min": 0.022069644182920456,
            "max": 0.02566029317677021,
            "count": 20
        },
        "MyBehavior.Policy.LearningRate.mean": {
            "value": 7.704430572630372e-06,
            "min": 7.704430572630372e-06,
            "max": 0.00029229334904812276,
            "count": 20
        },
        "MyBehavior.Policy.Epsilon.mean": {
            "value": 0.1025681123137474,
            "min": 0.1025681123137474,
            "max": 0.19743111729621887,
            "count": 20
        },
        "MyBehavior.Policy.Beta.mean": {
            "value": 0.00013814873818773776,
            "min": 0.00013814873818773776,
            "max": 0.004871811717748642,
            "count": 20
        },
        "MyBehavior.IsTraining.mean": {
            "value": 1.0,
            "min": 1.0,
            "max": 1.0,
            "count": 20
        }
    },
    "metadata": {
        "timer_format_version": "0.1.0",
        "start_time_seconds": "1598052456",
        "python_version": "3.8.3 (tags/v3.8.3:6f8c832, May 13 2020, 22:37:02) [MSC v.1924 64 bit (AMD64)]",
        "command_line_arguments": "C:\\Python38\\Scripts\\mlagents-learn configuration.yaml --run-id=TestInverso",
        "mlagents_version": "0.18.0",
        "mlagents_envs_version": "0.18.0",
        "communication_protocol_version": "1.0.0",
        "tensorflow_version": "2.2.0",
        "end_time_seconds": "1598054085"
    },
    "total": 1629.4025804,
    "count": 1,
    "self": 0.35496740000007776,
    "children": {
        "run_training.setup": {
            "total": 0.008420199999999767,
            "count": 1,
            "self": 0.008420199999999767
        },
        "TrainerController.start_learning": {
            "total": 1629.0391928,
            "count": 1,
            "self": 43.27509399999303,
            "children": {
                "TrainerController._reset_env": {
                    "total": 9.5097281,
                    "count": 1,
                    "self": 9.5097281
                },
                "TrainerController.advance": {
                    "total": 1574.8089328000067,
                    "count": 29172,
                    "self": 0.45574490000672085,
                    "children": {
                        "env_step": {
                            "total": 1574.3531879,
                            "count": 29172,
                            "self": 1545.952980200011,
                            "children": {
                                "SubprocessEnvManager._take_step": {
                                    "total": 27.973266100007606,
                                    "count": 29172,
                                    "self": 1.9300789000200922,
                                    "children": {
                                        "NNPolicy.evaluate": {
                                            "total": 26.043187199987514,
                                            "count": 20876,
                                            "self": 26.043187199987514
                                        }
                                    }
                                },
                                "workers": {
                                    "total": 0.4269415999813351,
                                    "count": 29172,
                                    "self": 0.0,
                                    "children": {
                                        "worker_root": {
                                            "total": 1616.3585304000044,
                                            "count": 29172,
                                            "is_parallel": true,
                                            "self": 241.09564959999966,
                                            "children": {
                                                "steps_from_proto": {
                                                    "total": 0.0014372999999991976,
                                                    "count": 1,
                                                    "is_parallel": true,
                                                    "self": 0.000226999999998867,
                                                    "children": {
                                                        "_process_vector_observation": {
                                                            "total": 0.0012103000000003306,
                                                            "count": 2,
                                                            "is_parallel": true,
                                                            "self": 0.0012103000000003306
                                                        }
                                                    }
                                                },
                                                "UnityEnvironment.step": {
                                                    "total": 1375.2614435000048,
                                                    "count": 29172,
                                                    "is_parallel": true,
                                                    "self": 5.01066730000548,
                                                    "children": {
                                                        "UnityEnvironment._generate_step_input": {
                                                            "total": 60.096458299996264,
                                                            "count": 29172,
                                                            "is_parallel": true,
                                                            "self": 60.096458299996264
                                                        },
                                                        "communicator.exchange": {
                                                            "total": 1282.611664399992,
                                                            "count": 29172,
                                                            "is_parallel": true,
                                                            "self": 1282.611664399992
                                                        },
                                                        "steps_from_proto": {
                                                            "total": 27.542653500011035,
                                                            "count": 29172,
                                                            "is_parallel": true,
                                                            "self": 4.949070099987011,