{
    "name": "root",
    "gauges": {
        "MyBehavior.Policy.Entropy.mean": {
            "value": 1.2289972305297852,
            "min": 1.2289972305297852,
            "max": 1.4095689058303833,
            "count": 10
        },
        "MyBehavior.Environment.EpisodeLength.mean": {
            "value": 33.160616438356165,
            "min": 33.160616438356165,
            "max": 45.381087470449174,
            "count": 10
        },
        "MyBehavior.Policy.ExtrinsicValueEstimate.mean": {
            "value": -11.656700134277344,
            "min": -12.488694190979004,
            "max": -5.389636039733887,
            "count": 10
        },
        "MyBehavior.Environment.CumulativeReward.mean": {
            "value": -23.672150562271522,
            "min": -41.84030319421835,
            "max": -23.672150562271522,
            "count": 10
        },
        "MyBehavior.Policy.ExtrinsicReward.mean": {
            "value": -23.672150562271522,
            "min": -41.84030319421835,
            "max": -23.672150562271522,
            "count": 10
        },
        "MyBehavior.Losses.ValueLoss.mean": {
            "value": 21.831016540527344,
            "min": 21.831016540527344,
            "max": 89.59860229492188,
            "count": 10
        },
        "MyBehavior.Losses.PolicyLoss.mean": {
            "value": 0.023806709796190262,
            "min": 0.022725019603967667,
            "max": 0.026522863656282425,
            "count": 10
        },
        "MyBehavior.Policy.LearningRate.mean": {
            "value": 0.00020499713718891144,
            "min": 0.00020499713718891144,
            "max": 0.00029487250139936805,
            "count": 10
        },
        "MyBehavior.Policy.Epsilon.mean": {
            "value": 0.16833236813545227,
            "min": 0.16833236813545227,
            "max": 0.1982908546924591,
            "count": 10
        },
        "MyBehavior.Policy.Beta.mean": {
            "value": 0.0034197848290205,
            "min": 0.0034197848290205,
            "max": 0.004914712626487017,
            "count": 10
        },
        "MyBehavior.IsTraining.mean": {
            "value": 1.0,
            "min": 1.0,
            "max": 1.0,
            "count": 10
        }
    },
    "metadata": {
        "timer_format_version": "0.1.0",
        "start_time_seconds": "1597780327",
        "python_version": "3.8.3 (tags/v3.8.3:6f8c832, May 13 2020, 22:37:02) [MSC v.1924 64 bit (AMD64)]",
        "command_line_arguments": "C:\\Python38\\Scripts\\mlagents-learn Behaviour.yaml --run-id=Dacancellare11",
        "mlagents_version": "0.18.0",
        "mlagents_envs_version": "0.18.0",
        "communication_protocol_version": "1.0.0",
        "tensorflow_version": "2.2.0",
        "end_time_seconds": "1597781220"
    },
    "total": 892.9739766,
    "count": 1,
    "self": 0.012246000000118329,
    "children": {
        "run_training.setup": {
            "total": 0.009097099999999969,
            "count": 1,
            "self": 0.009097099999999969
        },
        "TrainerController.start_learning": {
            "total": 892.9526334999999,
            "count": 1,
            "self": 29.485849299999018,
            "children": {
                "TrainerController._reset_env": {
                    "total": 7.91864,
                    "count": 1,
                    "self": 7.91864
                },
                "TrainerController.advance": {
                    "total": 853.860240700001,
                    "count": 31832,
                    "self": 0.4524676999899384,
                    "children": {
                        "env_step": {
                            "total": 853.407773000011,
                            "count": 31832,
                            "self": 838.4142240000107,
                            "children": {
                                "SubprocessEnvManager._take_step": {
                                    "total": 14.56823689999915,
                                    "count": 31832,
                                    "self": 1.136645599997756,
                                    "children": {
                                        "NNPolicy.evaluate": {
                                            "total": 13.431591300001394,
                                            "count": 14141,
                                            "self": 13.431591300001394
                                        }
                                    }
                                },
                                "workers": {
                                    "total": 0.42531210000117525,
                                    "count": 31831,
                                    "self": 0.0,
                                    "children": {
                                        "worker_root": {
                                            "total": 881.7640061000034,
                                            "count": 31831,
                                            "is_parallel": true,
                                            "self": 147.1377643999965,
                                            "children": {
                                                "steps_from_proto": {
                                                    "total": 0.001346700000000034,
                                                    "count": 1,
                                                    "is_parallel": true,
                                                    "self": 0.00021429999999966753,
                                                    "children": {
                                                        "_process_vector_observation": {
                                                            "total": 0.0011324000000003664,
                                                            "count": 2,
                                                            "is_parallel": true,
                                                            "self": 0.0011324000000003664
                                                        }
                                                    }
                                                },
                                                "UnityEnvironment.step": {
                                                    "total": 734.6248950000069,
                                                    "count": 31831,
                                                    "is_parallel": true,
                                                    "self": 3.5857668000007834,
                                                    "children": {
                                                        "UnityEnvironment._generate_step_input": {
                                                            "total": 29.014647400005323,
                                                            "count": 31831,
                                                            "is_parallel": true,
                                                            "self": 29.014647400005323
                                                        },
                                                        "communicator.exchange": {
                                                            "total": 685.2958807000042,
                                                            "count": 31831,
                                                            "is_parallel": true,
                                                            "self": 685.2958807000042
                                                        },
                                                        "steps_from_proto": {
                                                            "total": 16.7286000999966,
                                                            "count": 31831,
                                                            "is_parallel": true,