{
    "name": "root",
    "gauges": {
        "MyBehavior.Policy.Entropy.mean": {
            "value": 1.346189022064209,
            "min": 1.346189022064209,
            "max": 1.418250560760498,
            "count": 6
        },
        "MyBehavior.Environment.EpisodeLength.mean": {
            "value": 43.77054333183655,
            "min": 29.55452865064695,
            "max": 43.77054333183655,
            "count": 6
        },
        "MyBehavior.Policy.ExtrinsicValueEstimate.mean": {
            "value": -5.805170059204102,
            "min": -5.805170059204102,
            "max": 2.35307240486145,
            "count": 6
        },
        "MyBehavior.Environment.CumulativeReward.mean": {
            "value": -7.811472736456279,
            "min": -8.522018429090503,
            "max": -7.811472736456279,
            "count": 6
        },
        "MyBehavior.Policy.ExtrinsicReward.mean": {
            "value": -7.811472736456279,
            "min": -8.522018429090503,
            "max": -7.811472736456279,
            "count": 6
        },
        "MyBehavior.Losses.ValueLoss.mean": {
            "value": 3.1184000968933105,
            "min": 3.1184000968933105,
            "max": 38.5399284362793,
            "count": 6
        },
        "MyBehavior.Losses.PolicyLoss.mean": {
            "value": 0.02201726660132408,
            "min": 0.02201726660132408,
            "max": 0.02574370615184307,
            "count": 6
        },
        "MyBehavior.Policy.LearningRate.mean": {
            "value": 0.00021751965687144548,
            "min": 0.00021751965687144548,
            "max": 0.00029229678330011666,
            "count": 6
        },
        "MyBehavior.Policy.Epsilon.mean": {
            "value": 0.17250654101371765,
            "min": 0.17250654101371765,
            "max": 0.197432279586792,
            "count": 6
        },
        "MyBehavior.Policy.Beta.mean": {
            "value": 0.0036280762869864702,
            "min": 0.0036280762869864702,
            "max": 0.004871869459748268,
            "count": 6
        },
        "MyBehavior.IsTraining.mean": {
            "value": 1.0,
            "min": 1.0,
            "max": 1.0,
            "count": 6
        }
    },
    "metadata": {
        "timer_format_version": "0.1.0",
        "start_time_seconds": "1597784709",
        "python_version": "3.8.3 (tags/v3.8.3:6f8c832, May 13 2020, 22:37:02) [MSC v.1924 64 bit (AMD64)]",
        "command_line_arguments": "C:\\Python38\\Scripts\\mlagents-learn configuration.yaml --run-id=DaCancellare29",
        "mlagents_version": "0.18.0",
        "mlagents_envs_version": "0.18.0",
        "communication_protocol_version": "1.0.0",
        "tensorflow_version": "2.2.0",
        "end_time_seconds": "1597785227"
    },
    "total": 518.6096569,
    "count": 1,
    "self": 0.01670270000010987,
    "children": {
        "run_training.setup": {
            "total": 0.0074993000000000976,
            "count": 1,
            "self": 0.0074993000000000976
        },
        "TrainerController.start_learning": {
            "total": 518.5854549,
            "count": 1,
            "self": 17.43057999999951,
            "children": {
                "TrainerController._reset_env": {
                    "total": 8.741463300000001,
                    "count": 1,
                    "self": 8.741463300000001
                },
                "TrainerController.advance": {
                    "total": 490.6933579000004,
                    "count": 16467,
                    "self": 0.21660590000084312,
                    "children": {
                        "env_step": {
                            "total": 490.4767519999996,
                            "count": 16467,
                            "self": 482.9685553999954,
                            "children": {
                                "SubprocessEnvManager._take_step": {
                                    "total": 7.286774800002522,
                                    "count": 16467,
                                    "self": 0.6323714000019667,
                                    "children": {
                                        "NNPolicy.evaluate": {
                                            "total": 6.654403400000556,
                                            "count": 6377,
                                            "self": 6.654403400000556
                                        }
                                    }
                                },
                                "workers": {
                                    "total": 0.2214218000016448,
                                    "count": 16466,
                                    "self": 0.0,
                                    "children": {
                                        "worker_root": {
                                            "total": 506.9816981000026,
                                            "count": 16466,
                                            "is_parallel": true,
                                            "self": 82.23648010000204,
                                            "children": {
                                                "steps_from_proto": {
                                                    "total": 0.001356599999999375,
                                                    "count": 1,
                                                    "is_parallel": true,
                                                    "self": 0.00023520000000054608,
                                                    "children": {
                                                        "_process_vector_observation": {
                                                            "total": 0.0011213999999988289,
                                                            "count": 2,
                                                            "is_parallel": true,
                                                            "self": 0.0011213999999988289
                                                        }
                                                    }
                                                },
                                                "UnityEnvironment.step": {
                                                    "total": 424.7438614000005,
                                                    "count": 16466,
                                                    "is_parallel": true,
                                                    "self": 1.862940300000787,
                                                    "children": {
                                                        "UnityEnvironment._generate_step_input": {
                                                            "total": 16.419881400000325,
                                                            "count": 16466,
                                                            "is_parallel": true,
                                                            "self": 16.419881400000325
                                                        },
                                                        "communicator.exchange": {
                                                            "total": 397.1192782000004,
                                                            "count": 16466,
                                                            "is_parallel": true,
                                                            "self": 397.1192782000004
                                                        },
                                                        "steps_from_proto": {
                                                            "total": 9.34176149999899,
                                                            "count": 16466,
                                                            "is_parallel": true,