{
    "name": "root",
    "metadata": {
        "timer_format_version": "0.1.0",
        "start_time_seconds": "1597781678",
        "python_version": "3.8.3 (tags/v3.8.3:6f8c832, May 13 2020, 22:37:02) [MSC v.1924 64 bit (AMD64)]",
        "command_line_arguments": "C:\\Python38\\Scripts\\mlagents-learn Behaviour.yaml --run-id=Dacancellare18",
        "mlagents_version": "0.18.0",
        "mlagents_envs_version": "0.18.0",
        "communication_protocol_version": "1.0.0",
        "tensorflow_version": "2.2.0",
        "end_time_seconds": "1597781753"
    },
    "total": 75.0060363,
    "count": 1,
    "self": 0.011249000000006504,
    "children": {
        "run_training.setup": {
            "total": 0.009383300000000094,
            "count": 1,
            "self": 0.009383300000000094
        },
        "TrainerController.start_learning": {
            "total": 74.985404,
            "count": 1,
            "self": 2.1858537000001093,
            "children": {
                "TrainerController._reset_env": {
                    "total": 9.024303,
                    "count": 1,
                    "self": 9.024303
                },
                "TrainerController.advance": {
                    "total": 61.9078103999999,
                    "count": 573,
                    "self": 0.007692299999924046,
                    "children": {
                        "env_step": {
                            "total": 61.90011809999998,
                            "count": 573,
                            "self": 61.55641410000012,
                            "children": {
                                "SubprocessEnvManager._take_step": {
                                    "total": 0.33648579999987405,
                                    "count": 573,
                                    "self": 0.024105299999920504,
                                    "children": {
                                        "NNPolicy.evaluate": {
                                            "total": 0.31238049999995354,
                                            "count": 307,
                                            "self": 0.31238049999995354
                                        }
                                    }
                                },
                                "workers": {
                                    "total": 0.00721819999998452,
                                    "count": 572,
                                    "self": 0.0,
                                    "children": {
                                        "worker_root": {
                                            "total": 63.327120200000074,
                                            "count": 572,
                                            "is_parallel": true,
                                            "self": 3.1974239000000466,
                                            "children": {
                                                "steps_from_proto": {
                                                    "total": 0.001402199999999354,
                                                    "count": 1,
                                                    "is_parallel": true,
                                                    "self": 0.00022869999999919344,
                                                    "children": {
                                                        "_process_vector_observation": {
                                                            "total": 0.0011735000000001605,
                                                            "count": 2,
                                                            "is_parallel": true,
                                                            "self": 0.0011735000000001605
                                                        }
                                                    }
                                                },
                                                "UnityEnvironment.step": {
                                                    "total": 60.128294100000026,
                                                    "count": 572,
                                                    "is_parallel": true,
                                                    "self": 0.06503700000003931,
                                                    "children": {
                                                        "UnityEnvironment._generate_step_input": {
                                                            "total": 0.5912828999999267,
                                                            "count": 572,
                                                            "is_parallel": true,
                                                            "self": 0.5912828999999267
                                                        },
                                                        "communicator.exchange": {
                                                            "total": 59.14361710000002,
                                                            "count": 572,
                                                            "is_parallel": true,
                                                            "self": 59.14361710000002
                                                        },
                                                        "steps_from_proto": {
                                                            "total": 0.32835710000004426,
                                                            "count": 572,
                                                            "is_parallel": true,
                                                            "self": 0.06633830000011187,
                                                            "children": {
                                                                "_process_vector_observation": {
                                                                    "total": 0.2620187999999324,
                                                                    "count": 1144,
                                                                    "is_parallel": true,
                                                                    "self": 0.2620187999999324
                                                                }
                                                            }
                                                        }
                                                    }
                                                }
                                            }
                                        }
                                    }
                                }
                            }
                        }
                    }
                },
                "trainer_threads": {
                    "total": 3.28999999936741e-05,
                    "count": 1,
                    "self": 3.28999999936741e-05,
                    "children": {
                        "thread_root": {
                            "total": 0.0,
                            "count": 0,
                            "is_parallel": true,
                            "self": 0.0,
                            "children": {
                                "trainer_advance": {
                                    "total": 62.15046379999996,
                                    "count": 4277,
                                    "is_parallel": true,
                                    "self": 0.25256809999973484,
                                    "children": {
                                        "process_trajectory": {
                                            "total": 60.569483600000225,
                                            "count": 4277,
                                            "is_parallel": true,