{
    "name": "root",
    "metadata": {
        "timer_format_version": "0.1.0",
        "start_time_seconds": "1597782366",
        "python_version": "3.8.3 (tags/v3.8.3:6f8c832, May 13 2020, 22:37:02) [MSC v.1924 64 bit (AMD64)]",
        "command_line_arguments": "C:\\Python38\\Scripts\\mlagents-learn Behaviour.yaml --run-id=Dacancellare24",
        "mlagents_version": "0.18.0",
        "mlagents_envs_version": "0.18.0",
        "communication_protocol_version": "1.0.0",
        "tensorflow_version": "2.2.0",
        "end_time_seconds": "1597782381"
    },
    "total": 15.5047996,
    "count": 1,
    "self": 0.01146650000000271,
    "children": {
        "run_training.setup": {
            "total": 0.00810019999999989,
            "count": 1,
            "self": 0.00810019999999989
        },
        "TrainerController.start_learning": {
            "total": 15.485232899999998,
            "count": 1,
            "self": 2.0163345999999933,
            "children": {
                "TrainerController._reset_env": {
                    "total": 5.3783139,
                    "count": 1,
                    "self": 5.3783139
                },
                "TrainerController.advance": {
                    "total": 6.340845600000007,
                    "count": 198,
                    "self": 0.0025744000000127443,
                    "children": {
                        "env_step": {
                            "total": 6.338271199999994,
                            "count": 198,
                            "self": 6.169318199999992,
                            "children": {
                                "SubprocessEnvManager._take_step": {
                                    "total": 0.16654659999999843,
                                    "count": 198,
                                    "self": 0.008053599999994887,
                                    "children": {
                                        "NNPolicy.evaluate": {
                                            "total": 0.15849300000000355,
                                            "count": 117,
                                            "self": 0.15849300000000355
                                        }
                                    }
                                },
                                "workers": {
                                    "total": 0.0024064000000034724,
                                    "count": 197,
                                    "self": 0.0,
                                    "children": {
                                        "worker_root": {
                                            "total": 7.756059299999987,
                                            "count": 197,
                                            "is_parallel": true,
                                            "self": 1.949340199999992,
                                            "children": {
                                                "steps_from_proto": {
                                                    "total": 0.0009695999999994598,
                                                    "count": 1,
                                                    "is_parallel": true,
                                                    "self": 0.0002655999999996439,
                                                    "children": {
                                                        "_process_vector_observation": {
                                                            "total": 0.0007039999999998159,
                                                            "count": 2,
                                                            "is_parallel": true,
                                                            "self": 0.0007039999999998159
                                                        }
                                                    }
                                                },
                                                "UnityEnvironment.step": {
                                                    "total": 5.805749499999996,
                                                    "count": 197,
                                                    "is_parallel": true,
                                                    "self": 0.022784199999990484,
                                                    "children": {
                                                        "UnityEnvironment._generate_step_input": {
                                                            "total": 0.17165780000000108,
                                                            "count": 197,
                                                            "is_parallel": true,
                                                            "self": 0.17165780000000108
                                                        },
                                                        "communicator.exchange": {
                                                            "total": 5.503667199999998,
                                                            "count": 197,
                                                            "is_parallel": true,
                                                            "self": 5.503667199999998
                                                        },
                                                        "steps_from_proto": {
                                                            "total": 0.10764030000000613,
                                                            "count": 197,
                                                            "is_parallel": true,
                                                            "self": 0.022820000000025153,
                                                            "children": {
                                                                "_process_vector_observation": {
                                                                    "total": 0.08482029999998097,
                                                                    "count": 394,
                                                                    "is_parallel": true,
                                                                    "self": 0.08482029999998097
                                                                }
                                                            }
                                                        }
                                                    }
                                                }
                                            }
                                        }
                                    }
                                }
                            }
                        }
                    }
                },
                "trainer_threads": {
                    "total": 8.40999999986991e-05,
                    "count": 1,
                    "self": 8.40999999986991e-05,
                    "children": {
                        "thread_root": {
                            "total": 0.0,
                            "count": 0,
                            "is_parallel": true,
                            "self": 0.0,
                            "children": {
                                "trainer_advance": {
                                    "total": 6.39880719999999,
                                    "count": 493,
                                    "is_parallel": true,
                                    "self": 0.030933799999973033,
                                    "children": {
                                        "process_trajectory": {
                                            "total": 6.367873400000017,
                                            "count": 493,
                                            "is_parallel": true,