Steps,Policy/Entropy,Environment/Episode Length,Policy/Extrinsic Value Estimate,Environment/Cumulative Reward,Policy/Extrinsic Reward,Losses/Value Loss,Losses/Policy Loss,Policy/Learning Rate,Policy/Epsilon,Policy/Beta,Is Training
100000,1.4146601,30.214758751182593,-0.8648926,-0.4895741179726477,-0.4895741179726477,2.8352213,0.023607014,0.00029225898,0.19741964,0.00487124,1.0
200000,1.3963056,35.17438494934877,-0.5016622,-0.2410126304109101,-0.2410126304109101,0.5211905,0.021652063,0.00027762144,0.19254048,0.0046277703,1.0
