{
    "name": "root",
    "metadata": {
        "timer_format_version": "0.1.0",
        "start_time_seconds": "1597780300",
        "python_version": "3.8.3 (tags/v3.8.3:6f8c832, May 13 2020, 22:37:02) [MSC v.1924 64 bit (AMD64)]",
        "command_line_arguments": "C:\\Python38\\Scripts\\mlagents-learn Behaviour.yaml --run-id=Dacancellare10",
        "mlagents_version": "0.18.0",
        "mlagents_envs_version": "0.18.0",
        "communication_protocol_version": "1.0.0",
        "tensorflow_version": "2.2.0",
        "end_time_seconds": "1597780314"
    },
    "total": 13.8761062,
    "count": 1,
    "self": 0.011242699999998607,
    "children": {
        "run_training.setup": {
            "total": 0.008868700000000285,
            "count": 1,
            "self": 0.008868700000000285
        },
        "TrainerController.start_learning": {
            "total": 13.855994800000001,
            "count": 1,
            "self": 1.858149199999998,
            "children": {
                "TrainerController._reset_env": {
                    "total": 9.0922222,
                    "count": 1,
                    "self": 9.0922222
                },
                "TrainerController.advance": {
                    "total": 1.2472157000000017,
                    "count": 12,
                    "self": 0.00016780000000160555,
                    "children": {
                        "env_step": {
                            "total": 1.2470479,
                            "count": 12,
                            "self": 1.1902794999999955,
                            "children": {
                                "SubprocessEnvManager._take_step": {
                                    "total": 0.05665300000000251,
                                    "count": 12,
                                    "self": 0.0007768000000023534,
                                    "children": {
                                        "NNPolicy.evaluate": {
                                            "total": 0.055876200000000154,
                                            "count": 11,
                                            "self": 0.055876200000000154
                                        }
                                    }
                                },
                                "workers": {
                                    "total": 0.00011540000000209716,
                                    "count": 11,
                                    "self": 0.0,
                                    "children": {
                                        "worker_root": {
                                            "total": 2.482554399999996,
                                            "count": 11,
                                            "is_parallel": true,
                                            "self": 1.3688307999999978,
                                            "children": {
                                                "steps_from_proto": {
                                                    "total": 0.0012068000000002854,
                                                    "count": 1,
                                                    "is_parallel": true,
                                                    "self": 0.00025140000000156704,
                                                    "children": {
                                                        "_process_vector_observation": {
                                                            "total": 0.0009553999999987184,
                                                            "count": 2,
                                                            "is_parallel": true,
                                                            "self": 0.0009553999999987184
                                                        }
                                                    }
                                                },
                                                "UnityEnvironment.step": {
                                                    "total": 1.112516799999998,
                                                    "count": 11,
                                                    "is_parallel": true,
                                                    "self": 0.001610199999994677,
                                                    "children": {
                                                        "UnityEnvironment._generate_step_input": {
                                                            "total": 0.01868610000000004,
                                                            "count": 11,
                                                            "is_parallel": true,
                                                            "self": 0.01868610000000004
                                                        },
                                                        "communicator.exchange": {
                                                            "total": 1.082407800000004,
                                                            "count": 11,
                                                            "is_parallel": true,
                                                            "self": 1.082407800000004
                                                        },
                                                        "steps_from_proto": {
                                                            "total": 0.009812699999999452,
                                                            "count": 11,
                                                            "is_parallel": true,
                                                            "self": 0.0016784000000029664,
                                                            "children": {
                                                                "_process_vector_observation": {
                                                                    "total": 0.008134299999996486,
                                                                    "count": 22,
                                                                    "is_parallel": true,
                                                                    "self": 0.008134299999996486
                                                                }
                                                            }
                                                        }
                                                    }
                                                }
                                            }
                                        }
                                    }
                                }
                            }
                        }
                    }
                },
                "trainer_threads": {
                    "total": 2.810000000152968e-05,
                    "count": 1,
                    "self": 2.810000000152968e-05,
                    "children": {
                        "thread_root": {
                            "total": 0.0,
                            "count": 0,
                            "is_parallel": true,
                            "self": 0.0,
                            "children": {
                                "trainer_advance": {
                                    "total": 1.2628890000000013,
                                    "count": 82,
                                    "is_parallel": true,
                                    "self": 0.004063800000006168,
                                    "children": {
                                        "process_trajectory": {
                                            "total": 1.258825199999995,
                                            "count": 82,
                                            "is_parallel": true,