{
    "name": "root",
    "gauges": {
        "MyBehavior.Policy.Entropy.mean": {
            "value": 1.2867743968963623,
            "min": 1.2867743968963623,
            "max": 1.419427752494812,
            "count": 12
        },
        "MyBehavior.Environment.EpisodeLength.mean": {
            "value": 201.028,
            "min": 35.7594514455152,
            "max": 203.1800847457627,
            "count": 12
        },
        "MyBehavior.Policy.ExtrinsicValueEstimate.mean": {
            "value": 1.3704586029052734,
            "min": -1.6606045961380005,
            "max": 2.969815969467163,
            "count": 12
        },
        "MyBehavior.Environment.CumulativeReward.mean": {
            "value": 5.051400727272034,
            "min": -3.211531319970063,
            "max": 5.1590049721426885,
            "count": 12
        },
        "MyBehavior.Policy.ExtrinsicReward.mean": {
            "value": 5.051400727272034,
            "min": -3.211531319970063,
            "max": 5.1590049721426885,
            "count": 12
        },
        "MyBehavior.Losses.ValueLoss.mean": {
            "value": 1.3455803394317627,
            "min": 1.1870795488357544,
            "max": 16.525484085083008,
            "count": 12
        },
        "MyBehavior.Losses.PolicyLoss.mean": {
            "value": 0.023344289511442184,
            "min": 0.021901914849877357,
            "max": 0.02493303082883358,
            "count": 12
        },
        "MyBehavior.Policy.LearningRate.mean": {
            "value": 0.0001279693387914449,
            "min": 0.0001279693387914449,
            "max": 0.0002923106076195836,
            "count": 12
        },
        "MyBehavior.Policy.Epsilon.mean": {
            "value": 0.14265641570091248,
            "min": 0.14265641570091248,
            "max": 0.1974368691444397,
            "count": 12
        },
        "MyBehavior.Policy.Beta.mean": {
            "value": 0.0021385555155575275,
            "min": 0.0021385555155575275,
            "max": 0.004872099496424198,
            "count": 12
        },
        "MyBehavior.IsTraining.mean": {
            "value": 1.0,
            "min": 1.0,
            "max": 1.0,
            "count": 12
        }
    },
    "metadata": {
        "timer_format_version": "0.1.0",
        "start_time_seconds": "1597786291",
        "python_version": "3.8.3 (tags/v3.8.3:6f8c832, May 13 2020, 22:37:02) [MSC v.1924 64 bit (AMD64)]",
        "command_line_arguments": "C:\\Python38\\Scripts\\mlagents-learn configuration.yaml --run-id=DaCancellare31",
        "mlagents_version": "0.18.0",
        "mlagents_envs_version": "0.18.0",
        "communication_protocol_version": "1.0.0",
        "tensorflow_version": "2.2.0",
        "end_time_seconds": "1597787284"
    },
    "total": 993.0500899,
    "count": 1,
    "self": 0.013246900000012829,
    "children": {
        "run_training.setup": {
            "total": 0.007574199999999642,
            "count": 1,
            "self": 0.007574199999999642
        },
        "TrainerController.start_learning": {
            "total": 993.0292688,
            "count": 1,
            "self": 29.424719099999493,
            "children": {
                "TrainerController._reset_env": {
                    "total": 8.8347022,
                    "count": 1,
                    "self": 8.8347022
                },
                "TrainerController.advance": {
                    "total": 953.1316501000005,
                    "count": 24029,
                    "self": 0.34906969999792636,
                    "children": {
                        "env_step": {
                            "total": 952.7825804000025,
                            "count": 24029,
                            "self": 936.90589949999,
                            "children": {
                                "SubprocessEnvManager._take_step": {
                                    "total": 15.545948600007574,
                                    "count": 24029,
                                    "self": 1.2020920000057043,
                                    "children": {
                                        "NNPolicy.evaluate": {
                                            "total": 14.34385660000187,
                                            "count": 13051,
                                            "self": 14.34385660000187
                                        }
                                    }
                                },
                                "workers": {
                                    "total": 0.33073230000490383,
                                    "count": 24028,
                                    "self": 0.0,
                                    "children": {
                                        "worker_root": {
                                            "total": 981.1941215000002,
                                            "count": 24028,
                                            "is_parallel": true,
                                            "self": 150.06570340000007,
                                            "children": {
                                                "steps_from_proto": {
                                                    "total": 0.0011734000000007683,
                                                    "count": 1,
                                                    "is_parallel": true,
                                                    "self": 0.00018540000000122348,
                                                    "children": {
                                                        "_process_vector_observation": {
                                                            "total": 0.0009879999999995448,
                                                            "count": 2,
                                                            "is_parallel": true,
                                                            "self": 0.0009879999999995448
                                                        }
                                                    }
                                                },
                                                "UnityEnvironment.step": {
                                                    "total": 831.1272447000001,
                                                    "count": 24028,
                                                    "is_parallel": true,
                                                    "self": 3.181159000009984,
                                                    "children": {
                                                        "UnityEnvironment._generate_step_input": {
                                                            "total": 34.76654750000005,
                                                            "count": 24028,
                                                            "is_parallel": true,
                                                            "self": 34.76654750000005
                                                        },
                                                        "communicator.exchange": {
                                                            "total": 775.9007837999931,
                                                            "count": 24028,
                                                            "is_parallel": true,
                                                            "self": 775.9007837999931
                                                        },
                                                        "steps_from_proto": {
                                                            "total": 17.27875439999709,
                                                            "count": 24028,
                                                            "is_parallel": true,
                                                            "self": 3.234418499991559,