{
    "name": "root",
    "gauges": {
        "MyBehavior.Policy.Entropy.mean": {
            "value": 1.4183430671691895,
            "min": 1.4183430671691895,
            "max": 1.4222893714904785,
            "count": 10
        },
        "MyBehavior.Environment.EpisodeLength.mean": {
            "value": 68.15955983493811,
            "min": 46.42884615384615,
            "max": 68.15955983493811,
            "count": 10
        },
        "MyBehavior.Policy.ExtrinsicValueEstimate.mean": {
            "value": 2.3085615634918213,
            "min": 2.3085615634918213,
            "max": 12.611498832702637,
            "count": 10
        },
        "MyBehavior.Environment.CumulativeReward.mean": {
            "value": 2.4358817229339897,
            "min": 1.3178056662075788,
            "max": 2.4358817229339897,
            "count": 10
        },
        "MyBehavior.Policy.ExtrinsicReward.mean": {
            "value": 2.4358817229339897,
            "min": 1.3178056662075788,
            "max": 2.4358817229339897,
            "count": 10
        },
        "MyBehavior.Losses.ValueLoss.mean": {
            "value": 1.1381866931915283,
            "min": 1.1381866931915283,
            "max": 41.971527099609375,
            "count": 10
        },
        "MyBehavior.Losses.PolicyLoss.mean": {
            "value": 0.024276092648506165,
            "min": 0.021101804450154305,
            "max": 0.024276092648506165,
            "count": 10
        },
        "MyBehavior.Policy.LearningRate.mean": {
            "value": 1.657353641348891e-05,
            "min": 1.657353641348891e-05,
            "max": 0.00028459320310503244,
            "count": 10
        },
        "MyBehavior.Policy.Epsilon.mean": {
            "value": 0.10552449524402618,
            "min": 0.10552449524402618,
            "max": 0.1948644071817398,
            "count": 10
        },
        "MyBehavior.Policy.Beta.mean": {
            "value": 0.00028567155823111534,
            "min": 0.00028567155823111534,
            "max": 0.004743733908981085,
            "count": 10
        },
        "MyBehavior.IsTraining.mean": {
            "value": 1.0,
            "min": 1.0,
            "max": 1.0,
            "count": 10
        }
    },
    "metadata": {
        "timer_format_version": "0.1.0",
        "start_time_seconds": "1595535264",
        "python_version": "3.8.3 (tags/v3.8.3:6f8c832, May 13 2020, 22:37:02) [MSC v.1924 64 bit (AMD64)]",
        "command_line_arguments": "C:\\Python38\\Scripts\\mlagents-learn Behaviour.yaml --run-id=Test14",
        "mlagents_version": "0.18.0",
        "mlagents_envs_version": "0.18.0",
        "communication_protocol_version": "1.0.0",
        "tensorflow_version": "2.2.0",
        "end_time_seconds": "1595536105"
    },
    "total": 840.96315,
    "count": 1,
    "self": 0.3402342999999064,
    "children": {
        "run_training.setup": {
            "total": 0.009570000000000078,
            "count": 1,
            "self": 0.009570000000000078
        },
        "TrainerController.start_learning": {
            "total": 840.6133457000001,
            "count": 1,
            "self": 21.97432170000127,
            "children": {
                "TrainerController._reset_env": {
                    "total": 8.7343922,
                    "count": 1,
                    "self": 8.7343922
                },
                "TrainerController.advance": {
                    "total": 808.4870604999988,
                    "count": 40020,
                    "self": 0.517340500011187,
                    "children": {
                        "env_step": {
                            "total": 807.9697199999877,
                            "count": 40020,
                            "self": 778.8821259999997,
                            "children": {
                                "SubprocessEnvManager._take_step": {
                                    "total": 28.554434299995005,
                                    "count": 40020,
                                    "self": 1.3023330999937848,
                                    "children": {
                                        "NNPolicy.evaluate": {
                                            "total": 27.25210120000122,
                                            "count": 33373,
                                            "self": 27.25210120000122
                                        }
                                    }
                                },
                                "workers": {
                                    "total": 0.5331596999929697,
                                    "count": 40020,
                                    "self": 0.0,
                                    "children": {
                                        "worker_root": {
                                            "total": 828.6165223000078,
                                            "count": 40020,
                                            "is_parallel": true,
                                            "self": 128.5623933999983,
                                            "children": {
                                                "steps_from_proto": {
                                                    "total": 0.0004580999999994617,
                                                    "count": 1,
                                                    "is_parallel": true,
                                                    "self": 0.00010039999999911231,
                                                    "children": {
                                                        "_process_vector_observation": {
                                                            "total": 0.0003577000000003494,
                                                            "count": 2,
                                                            "is_parallel": true,
                                                            "self": 0.0003577000000003494
                                                        }
                                                    }
                                                },
                                                "UnityEnvironment.step": {
                                                    "total": 700.0536708000095,
                                                    "count": 40020,
                                                    "is_parallel": true,
                                                    "self": 3.310960799998952,
                                                    "children": {
                                                        "UnityEnvironment._generate_step_input": {
                                                            "total": 15.538552500003187,
                                                            "count": 40020,
                                                            "is_parallel": true,
                                                            "self": 15.538552500003187
                                                        },
                                                        "communicator.exchange": {
                                                            "total": 669.1464265000126,
                                                            "count": 40020,
                                                            "is_parallel": true,
                                                            "self": 669.1464265000126
                                                        },
                                                        "steps_from_proto": {
                                                            "total": 12.057730999994778,
                                                            "count": 40020,
                                                            "is_parallel": true,
                                                            "self": 3.3936498999977687,