{
    "name": "root",
    "metadata": {
        "timer_format_version": "0.1.0",
        "start_time_seconds": "1597781359",
        "python_version": "3.8.3 (tags/v3.8.3:6f8c832, May 13 2020, 22:37:02) [MSC v.1924 64 bit (AMD64)]",
        "command_line_arguments": "C:\\Python38\\Scripts\\mlagents-learn Behaviour.yaml --run-id=Dacancellare14",
        "mlagents_version": "0.18.0",
        "mlagents_envs_version": "0.18.0",
        "communication_protocol_version": "1.0.0",
        "tensorflow_version": "2.2.0",
        "end_time_seconds": "1597781465"
    },
    "total": 106.1973685,
    "count": 1,
    "self": 0.011725400000003106,
    "children": {
        "run_training.setup": {
            "total": 0.008095500000000033,
            "count": 1,
            "self": 0.008095500000000033
        },
        "TrainerController.start_learning": {
            "total": 106.1775476,
            "count": 1,
            "self": 3.6163637000001216,
            "children": {
                "TrainerController._reset_env": {
                    "total": 6.879699199999999,
                    "count": 1,
                    "self": 6.879699199999999
                },
                "TrainerController.advance": {
                    "total": 94.02484609999988,
                    "count": 6769,
                    "self": 0.08722119999944766,
                    "children": {
                        "env_step": {
                            "total": 93.93762490000043,
                            "count": 6769,
                            "self": 89.35668430000099,
                            "children": {
                                "SubprocessEnvManager._take_step": {
                                    "total": 4.493459399999518,
                                    "count": 6769,
                                    "self": 0.18397079999953192,
                                    "children": {
                                        "NNPolicy.evaluate": {
                                            "total": 4.309488599999986,
                                            "count": 6694,
                                            "self": 4.309488599999986
                                        }
                                    }
                                },
                                "workers": {
                                    "total": 0.08748119999991744,
                                    "count": 6768,
                                    "self": 0.0,
                                    "children": {
                                        "worker_root": {
                                            "total": 96.92896500000006,
                                            "count": 6768,
                                            "is_parallel": true,
                                            "self": 14.653008499999274,
                                            "children": {
                                                "steps_from_proto": {
                                                    "total": 0.00027620000000005973,
                                                    "count": 1,
                                                    "is_parallel": true,
                                                    "self": 0.00012150000000055172,
                                                    "children": {
                                                        "_process_vector_observation": {
                                                            "total": 0.000154699999999508,
                                                            "count": 2,
                                                            "is_parallel": true,
                                                            "self": 0.000154699999999508
                                                        }
                                                    }
                                                },
                                                "UnityEnvironment.step": {
                                                    "total": 82.27568030000079,
                                                    "count": 6768,
                                                    "is_parallel": true,
                                                    "self": 0.4379033000007553,
                                                    "children": {
                                                        "UnityEnvironment._generate_step_input": {
                                                            "total": 0.8590024999995496,
                                                            "count": 6768,
                                                            "is_parallel": true,
                                                            "self": 0.8590024999995496
                                                        },
                                                        "communicator.exchange": {
                                                            "total": 79.8131358000006,
                                                            "count": 6768,
                                                            "is_parallel": true,
                                                            "self": 79.8131358000006
                                                        },
                                                        "steps_from_proto": {
                                                            "total": 1.1656386999998833,
                                                            "count": 6768,
                                                            "is_parallel": true,
                                                            "self": 0.47829939999918025,
                                                            "children": {
                                                                "_process_vector_observation": {
                                                                    "total": 0.6873393000007031,
                                                                    "count": 13536,
                                                                    "is_parallel": true,
                                                                    "self": 0.6873393000007031
                                                                }
                                                            }
                                                        }
                                                    }
                                                }
                                            }
                                        }
                                    }
                                }
                            }
                        }
                    }
                },
                "trainer_threads": {
                    "total": 4.369999999198626e-05,
                    "count": 1,
                    "self": 4.369999999198626e-05,
                    "children": {
                        "thread_root": {
                            "total": 0.0,
                            "count": 0,
                            "is_parallel": true,
                            "self": 0.0,
                            "children": {
                                "trainer_advance": {
                                    "total": 95.6664433999995,
                                    "count": 6305,
                                    "is_parallel": true,
                                    "self": 0.42886429999987286,
                                    "children": {
                                        "process_trajectory": {
                                            "total": 95.23757909999962,
                                            "count": 6305,
                                            "is_parallel": true,