{
    "name": "root",
    "gauges": {
        "MyBehavior.Policy.Entropy.mean": {
            "value": 1.1766300201416016,
            "min": 1.1766300201416016,
            "max": 1.4133319854736328,
            "count": 20
        },
        "MyBehavior.Environment.EpisodeLength.mean": {
            "value": 1852.7166666666667,
            "min": 17.709739633558343,
            "max": 1852.7166666666667,
            "count": 20
        },
        "MyBehavior.Policy.ExtrinsicValueEstimate.mean": {
            "value": 4.462212085723877,
            "min": -2.5363221168518066,
            "max": 4.462212085723877,
            "count": 20
        },
        "MyBehavior.Environment.CumulativeReward.mean": {
            "value": 87.63584144910176,
            "min": -4.114525465455688,
            "max": 87.63584144910176,
            "count": 20
        },
        "MyBehavior.Policy.ExtrinsicReward.mean": {
            "value": 87.63584144910176,
            "min": -4.114525465455688,
            "max": 87.63584144910176,
            "count": 20
        },
        "MyBehavior.Losses.ValueLoss.mean": {
            "value": 0.38434916734695435,
            "min": 0.3444342017173767,
            "max": 6.757670879364014,
            "count": 20
        },
        "MyBehavior.Losses.PolicyLoss.mean": {
            "value": 0.02419770136475563,
            "min": 0.020911607891321182,
            "max": 0.02516302466392517,
            "count": 20
        },
        "MyBehavior.Policy.LearningRate.mean": {
            "value": 7.068590548442444e-06,
            "min": 7.068590548442444e-06,
            "max": 0.0002923089487012476,
            "count": 20
        },
        "MyBehavior.Policy.Epsilon.mean": {
            "value": 0.10235615819692612,
            "min": 0.10235615819692612,
            "max": 0.19743631780147552,
            "count": 20
        },
        "MyBehavior.Policy.Beta.mean": {
            "value": 0.00012757256627082825,
            "min": 0.00012757256627082825,
            "max": 0.004872072022408247,
            "count": 20
        },
        "MyBehavior.IsTraining.mean": {
            "value": 1.0,
            "min": 1.0,
            "max": 1.0,
            "count": 20
        }
    },
    "metadata": {
        "timer_format_version": "0.1.0",
        "start_time_seconds": "1597344619",
        "python_version": "3.8.3 (tags/v3.8.3:6f8c832, May 13 2020, 22:37:02) [MSC v.1924 64 bit (AMD64)]",
        "command_line_arguments": "C:\\Python38\\Scripts\\mlagents-learn configuration.yaml --run-id=DaCancellareNormale",
        "mlagents_version": "0.18.0",
        "mlagents_envs_version": "0.18.0",
        "communication_protocol_version": "1.0.0",
        "tensorflow_version": "2.2.0",
        "end_time_seconds": "1597346263"
    },
    "total": 1643.5419687,
    "count": 1,
    "self": 0.3387775999999576,
    "children": {
        "run_training.setup": {
            "total": 0.03176910000000177,
            "count": 1,
            "self": 0.03176910000000177
        },
        "TrainerController.start_learning": {
            "total": 1643.1714220000001,
            "count": 1,
            "self": 39.13836229999538,
            "children": {
                "TrainerController._reset_env": {
                    "total": 15.7814446,
                    "count": 1,
                    "self": 15.7814446
                },
                "TrainerController.advance": {
                    "total": 1586.7015317000046,
                    "count": 29764,
                    "self": 0.5246576000015466,
                    "children": {
                        "env_step": {
                            "total": 1586.176874100003,
                            "count": 29764,
                            "self": 1552.7632284999943,
                            "children": {
                                "SubprocessEnvManager._take_step": {
                                    "total": 32.97994020002036,
                                    "count": 29764,
                                    "self": 2.2235105000147115,
                                    "children": {
                                        "NNPolicy.evaluate": {
                                            "total": 30.756429700005647,
                                            "count": 20879,
                                            "self": 30.756429700005647
                                        }
                                    }
                                },
                                "workers": {
                                    "total": 0.43370539998839774,
                                    "count": 29764,
                                    "self": 0.0,
                                    "children": {
                                        "worker_root": {
                                            "total": 1624.0432183000164,
                                            "count": 29764,
                                            "is_parallel": true,
                                            "self": 248.25829160003786,
                                            "children": {
                                                "steps_from_proto": {
                                                    "total": 0.002185700000000068,
                                                    "count": 1,
                                                    "is_parallel": true,
                                                    "self": 0.0005067000000007482,
                                                    "children": {
                                                        "_process_vector_observation": {
                                                            "total": 0.00167899999999932,
                                                            "count": 2,
                                                            "is_parallel": true,
                                                            "self": 0.00167899999999932
                                                        }
                                                    }
                                                },
                                                "UnityEnvironment.step": {
                                                    "total": 1375.7827409999786,
                                                    "count": 29764,
                                                    "is_parallel": true,
                                                    "self": 5.26487569997289,
                                                    "children": {
                                                        "UnityEnvironment._generate_step_input": {
                                                            "total": 66.18367559999497,
                                                            "count": 29764,
                                                            "is_parallel": true,
                                                            "self": 66.18367559999497
                                                        },
                                                        "communicator.exchange": {
                                                            "total": 1275.884420500016,
                                                            "count": 29764,
                                                            "is_parallel": true,
                                                            "self": 1275.884420500016
                                                        },
                                                        "steps_from_proto": {
                                                            "total": 28.44976919999472,
                                                            "count": 29764,
                                                            "is_parallel": true,