{
    "name": "root",
    "gauges": {
        "MyBehavior.Policy.Entropy.mean": {
            "value": 1.1696375608444214,
            "min": 1.1696375608444214,
            "max": 1.4194982051849365,
            "count": 20
        },
        "MyBehavior.Environment.EpisodeLength.mean": {
            "value": 986.2450980392157,
            "min": 31.79957356076759,
            "max": 988.7,
            "count": 20
        },
        "MyBehavior.Policy.ExtrinsicValueEstimate.mean": {
            "value": 4.9605021476745605,
            "min": -3.4690539836883545,
            "max": 4.979769229888916,
            "count": 20
        },
        "MyBehavior.Environment.CumulativeReward.mean": {
            "value": 49.16421992171045,
            "min": -3.4100212908502834,
            "max": 49.33350424528122,
            "count": 20
        },
        "MyBehavior.Policy.ExtrinsicReward.mean": {
            "value": 49.16421992171045,
            "min": -3.4100212908502834,
            "max": 49.33350424528122,
            "count": 20
        },
        "MyBehavior.Losses.ValueLoss.mean": {
            "value": 0.04571330547332764,
            "min": 0.025802765041589737,
            "max": 1.2789216041564941,
            "count": 20
        },
        "MyBehavior.Losses.PolicyLoss.mean": {
            "value": 0.022066745907068253,
            "min": 0.021138189360499382,
            "max": 0.025190582498908043,
            "count": 20
        },
        "MyBehavior.Policy.LearningRate.mean": {
            "value": 7.686997378186788e-06,
            "min": 7.686997378186788e-06,
            "max": 0.00029230062500573695,
            "count": 20
        },
        "MyBehavior.Policy.Epsilon.mean": {
            "value": 0.1025623008608818,
            "min": 0.1025623008608818,
            "max": 0.19743354618549347,
            "count": 20
        },
        "MyBehavior.Policy.Beta.mean": {
            "value": 0.00013785874762106687,
            "min": 0.00013785874762106687,
            "max": 0.004871933255344629,
            "count": 20
        },
        "MyBehavior.IsTraining.mean": {
            "value": 1.0,
            "min": 1.0,
            "max": 1.0,
            "count": 20
        }
    },
    "metadata": {
        "timer_format_version": "0.1.0",
        "start_time_seconds": "1596631937",
        "python_version": "3.8.3 (tags/v3.8.3:6f8c832, May 13 2020, 22:37:02) [MSC v.1924 64 bit (AMD64)]",
        "command_line_arguments": "C:\\Python38\\Scripts\\mlagents-learn configuration.yaml --run-id=1Test",
        "mlagents_version": "0.18.0",
        "mlagents_envs_version": "0.18.0",
        "communication_protocol_version": "1.0.0",
        "tensorflow_version": "2.2.0",
        "end_time_seconds": "1596633487"
    },
    "total": 1551.5442831999999,
    "count": 1,
    "self": 0.3371141999998599,
    "children": {
        "run_training.setup": {
            "total": 0.008212600000000236,
            "count": 1,
            "self": 0.008212600000000236
        },
        "TrainerController.start_learning": {
            "total": 1551.1989564,
            "count": 1,
            "self": 33.329323099994326,
            "children": {
                "TrainerController._reset_env": {
                    "total": 16.476043500000003,
                    "count": 1,
                    "self": 16.476043500000003
                },
                "TrainerController.advance": {
                    "total": 1499.9455998000055,
                    "count": 24471,
                    "self": 0.3558914000175264,
                    "children": {
                        "env_step": {
                            "total": 1499.589708399988,
                            "count": 24471,
                            "self": 1469.5382805999768,
                            "children": {
                                "SubprocessEnvManager._take_step": {
                                    "total": 29.729551200002366,
                                    "count": 24471,
                                    "self": 1.9059618999996673,
                                    "children": {
                                        "NNPolicy.evaluate": {
                                            "total": 27.8235893000027,
                                            "count": 20878,
                                            "self": 27.8235893000027
                                        }
                                    }
                                },
                                "workers": {
                                    "total": 0.3218766000088529,
                                    "count": 24471,
                                    "self": 0.0,
                                    "children": {
                                        "worker_root": {
                                            "total": 1531.8030155999998,
                                            "count": 24471,
                                            "is_parallel": true,
                                            "self": 209.87975620000793,
                                            "children": {
                                                "steps_from_proto": {
                                                    "total": 0.0017099000000015963,
                                                    "count": 1,
                                                    "is_parallel": true,
                                                    "self": 0.0002266000000048507,
                                                    "children": {
                                                        "_process_vector_observation": {
                                                            "total": 0.0014832999999967456,
                                                            "count": 2,
                                                            "is_parallel": true,
                                                            "self": 0.0014832999999967456
                                                        }
                                                    }
                                                },
                                                "UnityEnvironment.step": {
                                                    "total": 1321.921549499992,
                                                    "count": 24471,
                                                    "is_parallel": true,
                                                    "self": 4.235643899978186,
                                                    "children": {
                                                        "UnityEnvironment._generate_step_input": {
                                                            "total": 60.00292290000252,
                                                            "count": 24471,
                                                            "is_parallel": true,
                                                            "self": 60.00292290000252
                                                        },
                                                        "communicator.exchange": {
                                                            "total": 1230.8856560000038,
                                                            "count": 24471,
                                                            "is_parallel": true,
                                                            "self": 1230.8856560000038
                                                        },
                                                        "steps_from_proto": {
                                                            "total": 26.797326700007435,
                                                            "count": 24471,
                                                            "is_parallel": true,