{
    "name": "root",
    "gauges": {
        "MyBehavior.Policy.Entropy.mean": {
            "value": 1.1085498332977295,
            "min": 1.1085498332977295,
            "max": 1.410601019859314,
            "count": 20
        },
        "MyBehavior.Environment.EpisodeLength.mean": {
            "value": 695.8082191780821,
            "min": 19.29564489112228,
            "max": 718.7092198581561,
            "count": 20
        },
        "MyBehavior.Policy.ExtrinsicValueEstimate.mean": {
            "value": 4.520644187927246,
            "min": -2.8480846881866455,
            "max": 4.520644187927246,
            "count": 20
        },
        "MyBehavior.Environment.CumulativeReward.mean": {
            "value": 32.66130432200758,
            "min": -4.03310302279303,
            "max": 33.80071226755778,
            "count": 20
        },
        "MyBehavior.Policy.ExtrinsicReward.mean": {
            "value": 32.66130432200758,
            "min": -4.03310302279303,
            "max": 33.80071226755778,
            "count": 20
        },
        "MyBehavior.Losses.ValueLoss.mean": {
            "value": 0.3700675070285797,
            "min": 0.33032116293907166,
            "max": 2.5986688137054443,
            "count": 20
        },
        "MyBehavior.Losses.PolicyLoss.mean": {
            "value": 0.024555135518312454,
            "min": 0.02219887636601925,
            "max": 0.025564251467585564,
            "count": 20
        },
        "MyBehavior.Policy.LearningRate.mean": {
            "value": 7.194966656243196e-06,
            "min": 7.194966656243196e-06,
            "max": 0.0002922993735410273,
            "count": 20
        },
        "MyBehavior.Policy.Epsilon.mean": {
            "value": 0.10239829123020172,
            "min": 0.10239829123020172,
            "max": 0.19743311405181885,
            "count": 20
        },
        "MyBehavior.Policy.Beta.mean": {
            "value": 0.00012967464863322675,
            "min": 0.00012967464863322675,
            "max": 0.0048719123005867004,
            "count": 20
        },
        "MyBehavior.IsTraining.mean": {
            "value": 1.0,
            "min": 1.0,
            "max": 1.0,
            "count": 20
        }
    },
    "metadata": {
        "timer_format_version": "0.1.0",
        "start_time_seconds": "1596485661",
        "python_version": "3.8.3 (tags/v3.8.3:6f8c832, May 13 2020, 22:37:02) [MSC v.1924 64 bit (AMD64)]",
        "command_line_arguments": "C:\\Python38\\Scripts\\mlagents-learn configuration.yaml --run-id=1Test",
        "mlagents_version": "0.18.0",
        "mlagents_envs_version": "0.18.0",
        "communication_protocol_version": "1.0.0",
        "tensorflow_version": "2.2.0",
        "end_time_seconds": "1596487404"
    },
    "total": 1742.7429015999999,
    "count": 1,
    "self": 0.3288906999998744,
    "children": {
        "run_training.setup": {
            "total": 0.00836250000000005,
            "count": 1,
            "self": 0.00836250000000005
        },
        "TrainerController.start_learning": {
            "total": 1742.4056484,
            "count": 1,
            "self": 42.16170540000621,
            "children": {
                "TrainerController._reset_env": {
                    "total": 9.1508178,
                    "count": 1,
                    "self": 9.1508178
                },
                "TrainerController.advance": {
                    "total": 1689.553085299994,
                    "count": 39197,
                    "self": 0.5977951999977904,
                    "children": {
                        "env_step": {
                            "total": 1688.9552900999963,
                            "count": 39197,
                            "self": 1647.7371697999642,
                            "children": {
                                "SubprocessEnvManager._take_step": {
                                    "total": 40.67551610001428,
                                    "count": 39197,
                                    "self": 2.4572305000132246,
                                    "children": {
                                        "NNPolicy.evaluate": {
                                            "total": 38.21828560000105,
                                            "count": 31787,
                                            "self": 38.21828560000105
                                        }
                                    }
                                },
                                "workers": {
                                    "total": 0.5426042000177027,
                                    "count": 39197,
                                    "self": 0.0,
                                    "children": {
                                        "worker_root": {
                                            "total": 1729.6971580000106,
                                            "count": 39197,
                                            "is_parallel": true,
                                            "self": 264.2931221000117,
                                            "children": {
                                                "steps_from_proto": {
                                                    "total": 0.0013231999999998578,
                                                    "count": 1,
                                                    "is_parallel": true,
                                                    "self": 0.0002324000000015758,
                                                    "children": {
                                                        "_process_vector_observation": {
                                                            "total": 0.001090799999998282,
                                                            "count": 2,
                                                            "is_parallel": true,
                                                            "self": 0.001090799999998282
                                                        }
                                                    }
                                                },
                                                "UnityEnvironment.step": {
                                                    "total": 1465.402712699999,
                                                    "count": 39197,
                                                    "is_parallel": true,
                                                    "self": 5.656330299969795,
                                                    "children": {
                                                        "UnityEnvironment._generate_step_input": {
                                                            "total": 65.56609910000245,
                                                            "count": 39197,
                                                            "is_parallel": true,
                                                            "self": 65.56609910000245
                                                        },
                                                        "communicator.exchange": {
                                                            "total": 1364.6248445000183,
                                                            "count": 39197,
                                                            "is_parallel": true,
                                                            "self": 1364.6248445000183
                                                        },
                                                        "steps_from_proto": {
                                                            "total": 29.555438800008517,
                                                            "count": 39197,
                                                            "is_parallel": true,
                                                            "self": 5.5206174000091295,