{
    "name": "root",
    "metadata": {
        "timer_format_version": "0.1.0",
        "start_time_seconds": "1595529452",
        "python_version": "3.8.3 (tags/v3.8.3:6f8c832, May 13 2020, 22:37:02) [MSC v.1924 64 bit (AMD64)]",
        "command_line_arguments": "C:\\Python38\\Scripts\\mlagents-learn Behaviour.yaml --run-id=test1",
        "mlagents_version": "0.18.0",
        "mlagents_envs_version": "0.18.0",
        "communication_protocol_version": "1.0.0",
        "tensorflow_version": "2.2.0",
        "end_time_seconds": "1595529488"
    },
    "total": 35.7452338,
    "count": 1,
    "self": 0.010787399999998115,
    "children": {
        "run_training.setup": {
            "total": 0.029876299999999745,
            "count": 1,
            "self": 0.029876299999999745
        },
        "TrainerController.start_learning": {
            "total": 35.704570100000005,
            "count": 1,
            "self": 2.589228100000007,
            "children": {
                "TrainerController._reset_env": {
                    "total": 7.6869767,
                    "count": 1,
                    "self": 7.6869767
                },
                "TrainerController.advance": {
                    "total": 23.662341,
                    "count": 2338,
                    "self": 0.02896950000017995,
                    "children": {
                        "env_step": {
                            "total": 23.63337149999982,
                            "count": 2338,
                            "self": 22.06121259999943,
                            "children": {
                                "SubprocessEnvManager._take_step": {
                                    "total": 1.5427127000001555,
                                    "count": 2338,
                                    "self": 0.062490899999943395,
                                    "children": {
                                        "NNPolicy.evaluate": {
                                            "total": 1.480221800000212,
                                            "count": 2284,
                                            "self": 1.480221800000212
                                        }
                                    }
                                },
                                "workers": {
                                    "total": 0.0294462000002369,
                                    "count": 2337,
                                    "self": 0.0,
                                    "children": {
                                        "worker_root": {
                                            "total": 25.711670899999945,
                                            "count": 2337,
                                            "is_parallel": true,
                                            "self": 6.043974099999964,
                                            "children": {
                                                "steps_from_proto": {
                                                    "total": 0.00038919999999986743,
                                                    "count": 1,
                                                    "is_parallel": true,
                                                    "self": 9.280000000000399e-05,
                                                    "children": {
                                                        "_process_vector_observation": {
                                                            "total": 0.00029639999999986344,
                                                            "count": 2,
                                                            "is_parallel": true,
                                                            "self": 0.00029639999999986344
                                                        }
                                                    }
                                                },
                                                "UnityEnvironment.step": {
                                                    "total": 19.66730759999998,
                                                    "count": 2337,
                                                    "is_parallel": true,
                                                    "self": 0.14639370000018914,
                                                    "children": {
                                                        "UnityEnvironment._generate_step_input": {
                                                            "total": 0.2952780999999032,
                                                            "count": 2337,
                                                            "is_parallel": true,
                                                            "self": 0.2952780999999032
                                                        },
                                                        "communicator.exchange": {
                                                            "total": 18.82232139999989,
                                                            "count": 2337,
                                                            "is_parallel": true,
                                                            "self": 18.82232139999989
                                                        },
                                                        "steps_from_proto": {
                                                            "total": 0.40331440000000107,
                                                            "count": 2337,
                                                            "is_parallel": true,
                                                            "self": 0.167019599999918,
                                                            "children": {
                                                                "_process_vector_observation": {
                                                                    "total": 0.23629480000008307,
                                                                    "count": 4674,
                                                                    "is_parallel": true,
                                                                    "self": 0.23629480000008307
                                                                }
                                                            }
                                                        }
                                                    }
                                                }
                                            }
                                        }
                                    }
                                }
                            }
                        }
                    }
                },
                "trainer_threads": {
                    "total": 2.6399999995874168e-05,
                    "count": 1,
                    "self": 2.6399999995874168e-05,
                    "children": {
                        "thread_root": {
                            "total": 0.0,
                            "count": 0,
                            "is_parallel": true,
                            "self": 0.0,
                            "children": {
                                "trainer_advance": {
                                    "total": 23.99976569999989,
                                    "count": 12028,
                                    "is_parallel": true,
                                    "self": 0.5047627000000503,
                                    "children": {
                                        "process_trajectory": {
                                            "total": 23.49500299999984,
                                            "count": 12028,
                                            "is_parallel": true,