{
    "name": "root",
    "gauges": {
        "MyBehavior.Policy.Entropy.mean": {
            "value": 1.4189032316207886,
            "min": 1.4189032316207886,
            "max": 1.4315518140792847,
            "count": 7
        },
        "MyBehavior.Environment.EpisodeLength.mean": {
            "value": 60.67661691542288,
            "min": 52.51931330472103,
            "max": 60.67661691542288,
            "count": 7
        },
        "MyBehavior.Policy.ExtrinsicValueEstimate.mean": {
            "value": 1.4407289028167725,
            "min": 1.4407289028167725,
            "max": 3.723151683807373,
            "count": 7
        },
        "MyBehavior.Environment.CumulativeReward.mean": {
            "value": 2.0575777897553413,
            "min": 1.6494099890789249,
            "max": 2.0575777897553413,
            "count": 7
        },
        "MyBehavior.Policy.ExtrinsicReward.mean": {
            "value": 2.0575777897553413,
            "min": 1.6494099890789249,
            "max": 2.0575777897553413,
            "count": 7
        },
        "MyBehavior.Losses.ValueLoss.mean": {
            "value": 0.49699172377586365,
            "min": 0.49699172377586365,
            "max": 5.977907180786133,
            "count": 7
        },
        "MyBehavior.Losses.PolicyLoss.mean": {
            "value": 0.021309109404683113,
            "min": 0.0212926734238863,
            "max": 0.026780465617775917,
            "count": 7
        },
        "MyBehavior.Policy.LearningRate.mean": {
            "value": 0.00010298852430423722,
            "min": 0.00010298852430423722,
            "max": 0.0002846132847480476,
            "count": 7
        },
        "MyBehavior.Policy.Epsilon.mean": {
            "value": 0.13432948291301727,
            "min": 0.13432948291301727,
            "max": 0.19487109780311584,
            "count": 7
        },
        "MyBehavior.Policy.Beta.mean": {
            "value": 0.001723041059449315,
            "min": 0.001723041059449315,
            "max": 0.0047440677881240845,
            "count": 7
        },
        "MyBehavior.IsTraining.mean": {
            "value": 1.0,
            "min": 1.0,
            "max": 1.0,
            "count": 7
        }
    },
    "metadata": {
        "timer_format_version": "0.1.0",
        "start_time_seconds": "1595532220",
        "python_version": "3.8.3 (tags/v3.8.3:6f8c832, May 13 2020, 22:37:02) [MSC v.1924 64 bit (AMD64)]",
        "command_line_arguments": "C:\\Python38\\Scripts\\mlagents-learn Behaviour.yaml --run-id=Test9",
        "mlagents_version": "0.18.0",
        "mlagents_envs_version": "0.18.0",
        "communication_protocol_version": "1.0.0",
        "tensorflow_version": "2.2.0",
        "end_time_seconds": "1595533038"
    },
    "total": 817.8206283,
    "count": 1,
    "self": 0.014914200000021083,
    "children": {
        "run_training.setup": {
            "total": 0.008375099999999858,
            "count": 1,
            "self": 0.008375099999999858
        },
        "TrainerController.start_learning": {
            "total": 817.797339,
            "count": 1,
            "self": 20.92871119999984,
            "children": {
                "TrainerController._reset_env": {
                    "total": 14.398843700000002,
                    "count": 1,
                    "self": 14.398843700000002
                },
                "TrainerController.advance": {
                    "total": 780.6031384,
                    "count": 46752,
                    "self": 0.5817352999905552,
                    "children": {
                        "env_step": {
                            "total": 780.0214031000095,
                            "count": 46752,
                            "self": 747.2312033000155,
                            "children": {
                                "SubprocessEnvManager._take_step": {
                                    "total": 32.16685089999994,
                                    "count": 46752,
                                    "self": 1.4283111999979496,
                                    "children": {
                                        "NNPolicy.evaluate": {
                                            "total": 30.738539700001994,
                                            "count": 41611,
                                            "self": 30.738539700001994
                                        }
                                    }
                                },
                                "workers": {
                                    "total": 0.6233488999939532,
                                    "count": 46751,
                                    "self": 0.0,
                                    "children": {
                                        "worker_root": {
                                            "total": 799.5665543999878,
                                            "count": 46751,
                                            "is_parallel": true,
                                            "self": 128.22021169998527,
                                            "children": {
                                                "steps_from_proto": {
                                                    "total": 0.00042149999999985255,
                                                    "count": 1,
                                                    "is_parallel": true,
                                                    "self": 8.869999999916445e-05,
                                                    "children": {
                                                        "_process_vector_observation": {
                                                            "total": 0.0003328000000006881,
                                                            "count": 2,
                                                            "is_parallel": true,
                                                            "self": 0.0003328000000006881
                                                        }
                                                    }
                                                },
                                                "UnityEnvironment.step": {
                                                    "total": 671.3459212000025,
                                                    "count": 46751,
                                                    "is_parallel": true,
                                                    "self": 3.5974264000008134,
                                                    "children": {
                                                        "UnityEnvironment._generate_step_input": {
                                                            "total": 13.682173300004138,
                                                            "count": 46751,
                                                            "is_parallel": true,
                                                            "self": 13.682173300004138
                                                        },
                                                        "communicator.exchange": {
                                                            "total": 642.3574388000005,
                                                            "count": 46751,
                                                            "is_parallel": true,
                                                            "self": 642.3574388000005
                                                        },
                                                        "steps_from_proto": {
                                                            "total": 11.708882699997021,
                                                            "count": 46751,
                                                            "is_parallel": true,
                                                            "self": 3.7913009999715364,