{
    "name": "root",
    "metadata": {
        "timer_format_version": "0.1.0",
        "start_time_seconds": "1597781777",
        "python_version": "3.8.3 (tags/v3.8.3:6f8c832, May 13 2020, 22:37:02) [MSC v.1924 64 bit (AMD64)]",
        "command_line_arguments": "C:\\Python38\\Scripts\\mlagents-learn Behaviour.yaml --run-id=Dacancellare19",
        "mlagents_version": "0.18.0",
        "mlagents_envs_version": "0.18.0",
        "communication_protocol_version": "1.0.0",
        "tensorflow_version": "2.2.0",
        "end_time_seconds": "1597781803"
    },
    "total": 26.575471,
    "count": 1,
    "self": 0.015319000000001637,
    "children": {
        "run_training.setup": {
            "total": 0.007882200000000061,
            "count": 1,
            "self": 0.007882200000000061
        },
        "TrainerController.start_learning": {
            "total": 26.552269799999998,
            "count": 1,
            "self": 1.9260492000000085,
            "children": {
                "TrainerController._reset_env": {
                    "total": 9.1910305,
                    "count": 1,
                    "self": 9.1910305
                },
                "TrainerController.advance": {
                    "total": 13.567131399999989,
                    "count": 101,
                    "self": 0.0013850000000008578,
                    "children": {
                        "env_step": {
                            "total": 13.565746399999988,
                            "count": 101,
                            "self": 13.458558199999988,
                            "children": {
                                "SubprocessEnvManager._take_step": {
                                    "total": 0.10601780000003025,
                                    "count": 101,
                                    "self": 0.004651300000023895,
                                    "children": {
                                        "NNPolicy.evaluate": {
                                            "total": 0.10136650000000635,
                                            "count": 67,
                                            "self": 0.10136650000000635
                                        }
                                    }
                                },
                                "workers": {
                                    "total": 0.0011703999999692627,
                                    "count": 100,
                                    "self": 0.0,
                                    "children": {
                                        "worker_root": {
                                            "total": 14.889467499999995,
                                            "count": 100,
                                            "is_parallel": true,
                                            "self": 1.7162239999999862,
                                            "children": {
                                                "steps_from_proto": {
                                                    "total": 0.001340099999998401,
                                                    "count": 1,
                                                    "is_parallel": true,
                                                    "self": 0.00022029999999872985,
                                                    "children": {
                                                        "_process_vector_observation": {
                                                            "total": 0.001119799999999671,
                                                            "count": 2,
                                                            "is_parallel": true,
                                                            "self": 0.001119799999999671
                                                        }
                                                    }
                                                },
                                                "UnityEnvironment.step": {
                                                    "total": 13.17190340000001,
                                                    "count": 100,
                                                    "is_parallel": true,
                                                    "self": 0.012703799999991716,
                                                    "children": {
                                                        "UnityEnvironment._generate_step_input": {
                                                            "total": 0.12192000000000114,
                                                            "count": 100,
                                                            "is_parallel": true,
                                                            "self": 0.12192000000000114
                                                        },
                                                        "communicator.exchange": {
                                                            "total": 12.966703800000007,
                                                            "count": 100,
                                                            "is_parallel": true,
                                                            "self": 12.966703800000007
                                                        },
                                                        "steps_from_proto": {
                                                            "total": 0.07057580000001096,
                                                            "count": 100,
                                                            "is_parallel": true,
                                                            "self": 0.013491500000005985,
                                                            "children": {
                                                                "_process_vector_observation": {
                                                                    "total": 0.05708430000000497,
                                                                    "count": 200,
                                                                    "is_parallel": true,
                                                                    "self": 0.05708430000000497
                                                                }
                                                            }
                                                        }
                                                    }
                                                }
                                            }
                                        }
                                    }
                                }
                            }
                        }
                    }
                },
                "trainer_threads": {
                    "total": 3.069999999993911e-05,
                    "count": 1,
                    "self": 3.069999999993911e-05,
                    "children": {
                        "thread_root": {
                            "total": 0.0,
                            "count": 0,
                            "is_parallel": true,
                            "self": 0.0,
                            "children": {
                                "trainer_advance": {
                                    "total": 13.579956800000083,
                                    "count": 898,
                                    "is_parallel": true,
                                    "self": 0.050718500000062505,
                                    "children": {
                                        "process_trajectory": {
                                            "total": 13.52923830000002,
                                            "count": 898,
                                            "is_parallel": true,