{
    "name": "root",
    "gauges": {
        "MyBehavior.Policy.Entropy.mean": {
            "value": 1.414781928062439,
            "min": 1.414781928062439,
            "max": 1.417893886566162,
            "count": 2
        },
        "MyBehavior.Environment.EpisodeLength.mean": {
            "value": 67.27961432506888,
            "min": 67.27961432506888,
            "max": 68.18820224719101,
            "count": 2
        },
        "MyBehavior.Policy.ExtrinsicValueEstimate.mean": {
            "value": -4.679616451263428,
            "min": -5.74542760848999,
            "max": -4.679616451263428,
            "count": 2
        },
        "MyBehavior.Environment.CumulativeReward.mean": {
            "value": -1.6081954352455035,
            "min": -1.6081954352455035,
            "max": -1.5338481631171836,
            "count": 2
        },
        "MyBehavior.Policy.ExtrinsicReward.mean": {
            "value": -1.6081954352455035,
            "min": -1.6081954352455035,
            "max": -1.5338481631171836,
            "count": 2
        },
        "MyBehavior.Losses.ValueLoss.mean": {
            "value": 6.093957424163818,
            "min": 6.093957424163818,
            "max": 10.885704040527344,
            "count": 2
        },
        "MyBehavior.Losses.PolicyLoss.mean": {
            "value": 0.021881774067878723,
            "min": 0.021881774067878723,
            "max": 0.022676166146993637,
            "count": 2
        },
        "MyBehavior.Policy.LearningRate.mean": {
            "value": 8.439608791377395e-05,
            "min": 8.439608791377395e-05,
            "max": 0.00022300351702142507,
            "count": 2
        },
        "MyBehavior.Policy.Epsilon.mean": {
            "value": 0.12813201546669006,
            "min": 0.12813201546669006,
            "max": 0.17433449625968933,
            "count": 2
        },
        "MyBehavior.Policy.Beta.mean": {
            "value": 0.0014137866673991084,
            "min": 0.0014137866673991084,
            "max": 0.003719291416928172,
            "count": 2
        },
        "MyBehavior.IsTraining.mean": {
            "value": 1.0,
            "min": 1.0,
            "max": 1.0,
            "count": 2
        }
    },
    "metadata": {
        "timer_format_version": "0.1.0",
        "start_time_seconds": "1595538455",
        "python_version": "3.8.3 (tags/v3.8.3:6f8c832, May 13 2020, 22:37:02) [MSC v.1924 64 bit (AMD64)]",
        "command_line_arguments": "C:\\Python38\\Scripts\\mlagents-learn .\\configuration.yaml --run-id=Test19",
        "mlagents_version": "0.18.0",
        "mlagents_envs_version": "0.18.0",
        "communication_protocol_version": "1.0.0",
        "tensorflow_version": "2.2.0",
        "end_time_seconds": "1595538646"
    },
    "total": 190.7288315,
    "count": 1,
    "self": 0.3366339000000096,
    "children": {
        "run_training.setup": {
            "total": 0.007632300000000036,
            "count": 1,
            "self": 0.007632300000000036
        },
        "TrainerController.start_learning": {
            "total": 190.3845653,
            "count": 1,
            "self": 6.333256900000151,
            "children": {
                "TrainerController._reset_env": {
                    "total": 10.3909293,
                    "count": 1,
                    "self": 10.3909293
                },
                "TrainerController.advance": {
                    "total": 172.29256569999984,
                    "count": 9488,
                    "self": 0.12820059999910427,
                    "children": {
                        "env_step": {
                            "total": 172.16436510000074,
                            "count": 9488,
                            "self": 164.86829890000118,
                            "children": {
                                "SubprocessEnvManager._take_step": {
                                    "total": 7.171433899999652,
                                    "count": 9488,
                                    "self": 0.29759379999892666,
                                    "children": {
                                        "NNPolicy.evaluate": {
                                            "total": 6.873840100000725,
                                            "count": 8371,
                                            "self": 6.873840100000725
                                        }
                                    }
                                },
                                "workers": {
                                    "total": 0.12463229999991476,
                                    "count": 9488,
                                    "self": 0.0,
                                    "children": {
                                        "worker_root": {
                                            "total": 177.7600928000004,
                                            "count": 9488,
                                            "is_parallel": true,
                                            "self": 30.678862200000566,
                                            "children": {
                                                "steps_from_proto": {
                                                    "total": 0.00044399999999988893,
                                                    "count": 1,
                                                    "is_parallel": true,
                                                    "self": 0.00013210000000007938,
                                                    "children": {
                                                        "_process_vector_observation": {
                                                            "total": 0.00031189999999980955,
                                                            "count": 2,
                                                            "is_parallel": true,
                                                            "self": 0.00031189999999980955
                                                        }
                                                    }
                                                },
                                                "UnityEnvironment.step": {
                                                    "total": 147.08078659999984,
                                                    "count": 9488,
                                                    "is_parallel": true,
                                                    "self": 0.7589697999983969,
                                                    "children": {
                                                        "UnityEnvironment._generate_step_input": {
                                                            "total": 3.3210431999998455,
                                                            "count": 9488,
                                                            "is_parallel": true,
                                                            "self": 3.3210431999998455
                                                        },
                                                        "communicator.exchange": {
                                                            "total": 140.25717310000164,
                                                            "count": 9488,
                                                            "is_parallel": true,
                                                            "self": 140.25717310000164
                                                        },
                                                        "steps_from_proto": {
                                                            "total": 2.7436004999999657,
                                                            "count": 9488,
                                                            "is_parallel": true,
                                                            "self": 0.8085077000007583,