{
    "name": "root",
    "gauges": {
        "MyBehavior.Policy.Entropy.mean": {
            "value": 1.4246225357055664,
            "min": 1.418938398361206,
            "max": 1.4247649908065796,
            "count": 33
        },
        "MyBehavior.Environment.EpisodeLength.mean": {
            "value": 73.35714285714286,
            "min": 34.43859649122807,
            "max": 88.86363636363636,
            "count": 33
        },
        "MyBehavior.Policy.ExtrinsicValueEstimate.mean": {
            "value": 2.1323838233947754,
            "min": 1.9114186763763428,
            "max": 4.14900016784668,
            "count": 33
        },
        "MyBehavior.Environment.CumulativeReward.mean": {
            "value": -1.1714284022649128,
            "min": -3.2780701695827017,
            "max": -0.4613634131171487,
            "count": 33
        },
        "MyBehavior.Policy.ExtrinsicReward.mean": {
            "value": -1.1714284022649128,
            "min": -3.2780701695827017,
            "max": -0.4613634131171487,
            "count": 33
        },
        "MyBehavior.IsTraining.mean": {
            "value": 1.0,
            "min": 1.0,
            "max": 1.0,
            "count": 33
        },
        "MyBehavior.Losses.ValueLoss.mean": {
            "value": 15.546210289001465,
            "min": 10.752534866333008,
            "max": 37.21230697631836,
            "count": 9
        },
        "MyBehavior.Losses.PolicyLoss.mean": {
            "value": 0.02479061670601368,
            "min": 0.02170790545642376,
            "max": 0.026643095538020134,
            "count": 9
        },
        "MyBehavior.Policy.LearningRate.mean": {
            "value": 2.2938089387025684e-05,
            "min": 2.2938089387025684e-05,
            "max": 0.00026925295242108405,
            "count": 9
        },
        "MyBehavior.Policy.Epsilon.mean": {
            "value": 0.10764600336551666,
            "min": 0.10764600336551666,
            "max": 0.1897510141134262,
            "count": 9
        },
        "MyBehavior.Policy.Beta.mean": {
            "value": 0.0003915354027412832,
            "min": 0.0003915354027412832,
            "max": 0.004488574340939522,
            "count": 9
        }
    },
    "metadata": {
        "timer_format_version": "0.1.0",
        "start_time_seconds": "1595537748",
        "python_version": "3.8.3 (tags/v3.8.3:6f8c832, May 13 2020, 22:37:02) [MSC v.1924 64 bit (AMD64)]",
        "command_line_arguments": "C:\\Python38\\Scripts\\mlagents-learn .\\configuration.yaml --run-id=Test16",
        "mlagents_version": "0.18.0",
        "mlagents_envs_version": "0.18.0",
        "communication_protocol_version": "1.0.0",
        "tensorflow_version": "2.2.0",
        "end_time_seconds": "1595537934"
    },
    "total": 186.4251936,
    "count": 1,
    "self": 0.41547669999999925,
    "children": {
        "run_training.setup": {
            "total": 0.0077345000000001995,
            "count": 1,
            "self": 0.0077345000000001995
        },
        "TrainerController.start_learning": {
            "total": 186.0019824,
            "count": 1,
            "self": 6.620469600001314,
            "children": {
                "TrainerController._reset_env": {
                    "total": 7.785792899999999,
                    "count": 1,
                    "self": 7.785792899999999
                },
                "TrainerController.advance": {
                    "total": 169.9401678999987,
                    "count": 7963,
                    "self": 0.10366639999836025,
                    "children": {
                        "env_step": {
                            "total": 169.83650150000034,
                            "count": 7963,
                            "self": 163.23090029999977,
                            "children": {
                                "SubprocessEnvManager._take_step": {
                                    "total": 6.499480400001209,
                                    "count": 7963,
                                    "self": 0.2600209000005034,
                                    "children": {
                                        "NNPolicy.evaluate": {
                                            "total": 6.239459500000706,
                                            "count": 6712,
                                            "self": 6.239459500000706
                                        }
                                    }
                                },
                                "workers": {
                                    "total": 0.10612079999934743,
                                    "count": 7963,
                                    "self": 0.0,
                                    "children": {
                                        "worker_root": {
                                            "total": 175.69370530000066,
                                            "count": 7963,
                                            "is_parallel": true,
                                            "self": 32.194376999999974,
                                            "children": {
                                                "steps_from_proto": {
                                                    "total": 0.0005037000000003289,
                                                    "count": 1,
                                                    "is_parallel": true,
                                                    "self": 0.00010090000000051447,
                                                    "children": {
                                                        "_process_vector_observation": {
                                                            "total": 0.0004027999999998144,
                                                            "count": 2,
                                                            "is_parallel": true,
                                                            "self": 0.0004027999999998144
                                                        }
                                                    }
                                                },
                                                "UnityEnvironment.step": {
                                                    "total": 143.4988246000007,
                                                    "count": 7963,
                                                    "is_parallel": true,
                                                    "self": 0.6586438000003341,
                                                    "children": {
                                                        "UnityEnvironment._generate_step_input": {
                                                            "total": 3.1097627000001538,
                                                            "count": 7963,
                                                            "is_parallel": true,
                                                            "self": 3.1097627000001538
                                                        },
                                                        "communicator.exchange": {
                                                            "total": 137.31491510000112,
                                                            "count": 7963,
                                                            "is_parallel": true,
                                                            "self": 137.31491510000112
                                                        },
                                                        "steps_from_proto": {
                                                            "total": 2.415502999999104,
                                                            "count": 7963,
                                                            "is_parallel": true,