{
    "name": "root",
    "gauges": {
        "MyBehavior.Policy.Entropy.mean": {
            "value": 1.3221089839935303,
            "min": 1.3221089839935303,
            "max": 1.4172255992889404,
            "count": 10
        },
        "MyBehavior.Environment.EpisodeLength.mean": {
            "value": 508.04761904761904,
            "min": 34.59076027646417,
            "max": 508.04761904761904,
            "count": 10
        },
        "MyBehavior.Policy.ExtrinsicValueEstimate.mean": {
            "value": 3.36812162399292,
            "min": -1.3014358282089233,
            "max": 3.36812162399292,
            "count": 10
        },
        "MyBehavior.Environment.CumulativeReward.mean": {
            "value": 20.519463182209495,
            "min": -3.2704330219452036,
            "max": 20.519463182209495,
            "count": 10
        },
        "MyBehavior.Policy.ExtrinsicReward.mean": {
            "value": 20.519463182209495,
            "min": -3.2704330219452036,
            "max": 20.519463182209495,
            "count": 10
        },
        "MyBehavior.Losses.ValueLoss.mean": {
            "value": 0.7346624732017517,
            "min": 0.7346624732017517,
            "max": 16.028465270996094,
            "count": 10
        },
        "MyBehavior.Losses.PolicyLoss.mean": {
            "value": 0.025265153497457504,
            "min": 0.022283611819148064,
            "max": 0.025700047612190247,
            "count": 10
        },
        "MyBehavior.Policy.LearningRate.mean": {
            "value": 0.00015711213927716017,
            "min": 0.00015711213927716017,
            "max": 0.0002922693674918264,
            "count": 10
        },
        "MyBehavior.Policy.Epsilon.mean": {
            "value": 0.15237067639827728,
            "min": 0.15237067639827728,
            "max": 0.19742311537265778,
            "count": 10
        },
        "MyBehavior.Policy.Beta.mean": {
            "value": 0.0026232972741127014,
            "min": 0.0026232972741127014,
            "max": 0.004871412646025419,
            "count": 10
        },
        "MyBehavior.IsTraining.mean": {
            "value": 1.0,
            "min": 1.0,
            "max": 1.0,
            "count": 10
        }
    },
    "metadata": {
        "timer_format_version": "0.1.0",
        "start_time_seconds": "1597785329",
        "python_version": "3.8.3 (tags/v3.8.3:6f8c832, May 13 2020, 22:37:02) [MSC v.1924 64 bit (AMD64)]",
        "command_line_arguments": "C:\\Python38\\Scripts\\mlagents-learn configuration.yaml --run-id=DaCancellare30",
        "mlagents_version": "0.18.0",
        "mlagents_envs_version": "0.18.0",
        "communication_protocol_version": "1.0.0",
        "tensorflow_version": "2.2.0",
        "end_time_seconds": "1597786157"
    },
    "total": 828.6998222,
    "count": 1,
    "self": 0.011461500000109481,
    "children": {
        "run_training.setup": {
            "total": 0.008215000000000305,
            "count": 1,
            "self": 0.008215000000000305
        },
        "TrainerController.start_learning": {
            "total": 828.6801456999999,
            "count": 1,
            "self": 23.242518800001108,
            "children": {
                "TrainerController._reset_env": {
                    "total": 35.969464699999996,
                    "count": 1,
                    "self": 35.969464699999996
                },
                "TrainerController.advance": {
                    "total": 767.8081248999988,
                    "count": 17019,
                    "self": 0.22647250000431995,
                    "children": {
                        "env_step": {
                            "total": 767.5816523999945,
                            "count": 17019,
                            "self": 754.9520992999888,
                            "children": {
                                "SubprocessEnvManager._take_step": {
                                    "total": 12.40470090000234,
                                    "count": 17019,
                                    "self": 0.9605718000041534,
                                    "children": {
                                        "NNPolicy.evaluate": {
                                            "total": 11.444129099998186,
                                            "count": 10711,
                                            "self": 11.444129099998186
                                        }
                                    }
                                },
                                "workers": {
                                    "total": 0.22485220000327644,
                                    "count": 17018,
                                    "self": 0.0,
                                    "children": {
                                        "worker_root": {
                                            "total": 789.9071113999961,
                                            "count": 17018,
                                            "is_parallel": true,
                                            "self": 117.80117159999975,
                                            "children": {
                                                "steps_from_proto": {
                                                    "total": 0.0016409999999993374,
                                                    "count": 1,
                                                    "is_parallel": true,
                                                    "self": 0.0002478999999979692,
                                                    "children": {
                                                        "_process_vector_observation": {
                                                            "total": 0.0013931000000013682,
                                                            "count": 2,
                                                            "is_parallel": true,
                                                            "self": 0.0013931000000013682
                                                        }
                                                    }
                                                },
                                                "UnityEnvironment.step": {
                                                    "total": 672.1042987999964,
                                                    "count": 17018,
                                                    "is_parallel": true,
                                                    "self": 2.4047494000083134,
                                                    "children": {
                                                        "UnityEnvironment._generate_step_input": {
                                                            "total": 29.125987199997624,
                                                            "count": 17018,
                                                            "is_parallel": true,
                                                            "self": 29.125987199997624
                                                        },
                                                        "communicator.exchange": {
                                                            "total": 626.7717221999982,
                                                            "count": 17018,
                                                            "is_parallel": true,
                                                            "self": 626.7717221999982
                                                        },
                                                        "steps_from_proto": {
                                                            "total": 13.801839999992275,
                                                            "count": 17018,
                                                            "is_parallel": true,