{
    "name": "root",
    "gauges": {
        "MyBehavior.Policy.Entropy.mean": {
            "value": 1.1684740781784058,
            "min": 1.1684740781784058,
            "max": 1.4140100479125977,
            "count": 20
        },
        "MyBehavior.Environment.EpisodeLength.mean": {
            "value": 3222.730769230769,
            "min": 19.513862830936002,
            "max": 3222.730769230769,
            "count": 20
        },
        "MyBehavior.Policy.ExtrinsicValueEstimate.mean": {
            "value": 4.764349937438965,
            "min": -2.126702308654785,
            "max": 4.818099498748779,
            "count": 20
        },
        "MyBehavior.Environment.CumulativeReward.mean": {
            "value": 156.1365526822897,
            "min": -4.024332765443211,
            "max": 156.1365526822897,
            "count": 20
        },
        "MyBehavior.Policy.ExtrinsicReward.mean": {
            "value": 156.1365526822897,
            "min": -4.024332765443211,
            "max": 156.1365526822897,
            "count": 20
        },
        "MyBehavior.Losses.ValueLoss.mean": {
            "value": 0.15951791405677795,
            "min": 0.10467338562011719,
            "max": 11.488155364990234,
            "count": 20
        },
        "MyBehavior.Losses.PolicyLoss.mean": {
            "value": 0.023217178881168365,
            "min": 0.021070804446935654,
            "max": 0.025260861963033676,
            "count": 20
        },
        "MyBehavior.Policy.LearningRate.mean": {
            "value": 6.976254553592298e-06,
            "min": 6.976254553592298e-06,
            "max": 0.0002923079300671816,
            "count": 20
        },
        "MyBehavior.Policy.Epsilon.mean": {
            "value": 0.10232539474964142,
            "min": 0.10232539474964142,
            "max": 0.19743594527244568,
            "count": 20
        },
        "MyBehavior.Policy.Beta.mean": {
            "value": 0.00012603672803379595,
            "min": 0.00012603672803379595,
            "max": 0.004872055258601904,
            "count": 20
        },
        "MyBehavior.IsTraining.mean": {
            "value": 1.0,
            "min": 1.0,
            "max": 1.0,
            "count": 20
        }
    },
    "metadata": {
        "timer_format_version": "0.1.0",
        "start_time_seconds": "1597181770",
        "python_version": "3.8.3 (tags/v3.8.3:6f8c832, May 13 2020, 22:37:02) [MSC v.1924 64 bit (AMD64)]",
        "command_line_arguments": "C:\\Python38\\Scripts\\mlagents-learn configuration.yaml --run-id=ProvaNuovaMetodo1Inverse",
        "mlagents_version": "0.18.0",
        "mlagents_envs_version": "0.18.0",
        "communication_protocol_version": "1.0.0",
        "tensorflow_version": "2.2.0",
        "end_time_seconds": "1597183279"
    },
    "total": 1509.8809436000001,
    "count": 1,
    "self": 0.31149850000019796,
    "children": {
        "run_training.setup": {
            "total": 0.051503999999997774,
            "count": 1,
            "self": 0.051503999999997774
        },
        "TrainerController.start_learning": {
            "total": 1509.5179411,
            "count": 1,
            "self": 35.726374300000316,
            "children": {
                "TrainerController._reset_env": {
                    "total": 15.363935099999999,
                    "count": 1,
                    "self": 15.363935099999999
                },
                "TrainerController.advance": {
                    "total": 1457.0316361999999,
                    "count": 28879,
                    "self": 0.4141153999985363,
                    "children": {
                        "env_step": {
                            "total": 1456.6175208000013,
                            "count": 28879,
                            "self": 1425.2421617000182,
                            "children": {
                                "SubprocessEnvManager._take_step": {
                                    "total": 30.991635799988146,
                                    "count": 28879,
                                    "self": 2.0767951999866696,
                                    "children": {
                                        "NNPolicy.evaluate": {
                                            "total": 28.914840600001476,
                                            "count": 20879,
                                            "self": 28.914840600001476
                                        }
                                    }
                                },
                                "workers": {
                                    "total": 0.3837232999949549,
                                    "count": 28879,
                                    "self": 0.0,
                                    "children": {
                                        "worker_root": {
                                            "total": 1490.1428092000112,
                                            "count": 28879,
                                            "is_parallel": true,
                                            "self": 227.86193970002319,
                                            "children": {
                                                "steps_from_proto": {
                                                    "total": 0.001392200000001509,
                                                    "count": 1,
                                                    "is_parallel": true,
                                                    "self": 0.00021090000000256737,
                                                    "children": {
                                                        "_process_vector_observation": {
                                                            "total": 0.0011812999999989415,
                                                            "count": 2,
                                                            "is_parallel": true,
                                                            "self": 0.0011812999999989415
                                                        }
                                                    }
                                                },
                                                "UnityEnvironment.step": {
                                                    "total": 1262.279477299988,
                                                    "count": 28879,
                                                    "is_parallel": true,
                                                    "self": 4.6226940999633825,
                                                    "children": {
                                                        "UnityEnvironment._generate_step_input": {
                                                            "total": 60.032818600010344,
                                                            "count": 28879,
                                                            "is_parallel": true,
                                                            "self": 60.032818600010344
                                                        },
                                                        "communicator.exchange": {
                                                            "total": 1170.58419570002,
                                                            "count": 28879,
                                                            "is_parallel": true,
                                                            "self": 1170.58419570002
                                                        },
                                                        "steps_from_proto": {
                                                            "total": 27.03976889999421,
                                                            "count": 28879,
                                                            "is_parallel": true,