Steps,Policy/Entropy,Environment/Episode Length,Policy/Extrinsic Value Estimate,Environment/Cumulative Reward,Policy/Extrinsic Reward,Losses/Value Loss,Losses/Policy Loss,Policy/Learning Rate,Policy/Epsilon,Policy/Beta,Is Training
50000,1.4178939,68.18820224719101,-5.7454276,-1.5338481631171836,-1.5338481631171836,10.885704,0.022676166,0.00022300352,0.1743345,0.0037192914,1.0
100000,1.4147819,67.27961432506888,-4.6796165,-1.6081954352455035,-1.6081954352455035,6.0939574,0.021881774,8.439609e-05,0.12813202,0.0014137867,1.0
