{
    "name": "root",
    "gauges": {
        "MyBehavior.Policy.Entropy.mean": {
            "value": 1.394273281097412,
            "min": 1.394273281097412,
            "max": 1.420833706855774,
            "count": 4
        },
        "MyBehavior.Environment.EpisodeLength.mean": {
            "value": 44.74226804123711,
            "min": 31.288297172912557,
            "max": 44.74226804123711,
            "count": 4
        },
        "MyBehavior.Policy.ExtrinsicValueEstimate.mean": {
            "value": -4.320556163787842,
            "min": -4.320556163787842,
            "max": 1.597246766090393,
            "count": 4
        },
        "MyBehavior.Environment.CumulativeReward.mean": {
            "value": -7.752714115790371,
            "min": -8.436106470924035,
            "max": -7.752714115790371,
            "count": 4
        },
        "MyBehavior.Policy.ExtrinsicReward.mean": {
            "value": -7.752714115790371,
            "min": -8.436106470924035,
            "max": -7.752714115790371,
            "count": 4
        },
        "MyBehavior.Losses.ValueLoss.mean": {
            "value": 30.364755630493164,
            "min": 14.104436874389648,
            "max": 37.566978454589844,
            "count": 4
        },
        "MyBehavior.Losses.PolicyLoss.mean": {
            "value": 0.03930271416902542,
            "min": 0.022113505750894547,
            "max": 0.03930271416902542,
            "count": 4
        },
        "MyBehavior.Policy.LearningRate.mean": {
            "value": 0.00024756681523285806,
            "min": 0.00024756681523285806,
            "max": 0.0002922888670582324,
            "count": 4
        },
        "MyBehavior.Policy.Epsilon.mean": {
            "value": 0.1825222373008728,
            "min": 0.1825222373008728,
            "max": 0.1974296122789383,
            "count": 4
        },
        "MyBehavior.Policy.Beta.mean": {
            "value": 0.004127861000597477,
            "min": 0.004127861000597477,
            "max": 0.004871738143265247,
            "count": 4
        },
        "MyBehavior.IsTraining.mean": {
            "value": 1.0,
            "min": 1.0,
            "max": 1.0,
            "count": 4
        }
    },
    "metadata": {
        "timer_format_version": "0.1.0",
        "start_time_seconds": "1597784232",
        "python_version": "3.8.3 (tags/v3.8.3:6f8c832, May 13 2020, 22:37:02) [MSC v.1924 64 bit (AMD64)]",
        "command_line_arguments": "C:\\Python38\\Scripts\\mlagents-learn configuration.yaml --run-id=DaCancellare28",
        "mlagents_version": "0.18.0",
        "mlagents_envs_version": "0.18.0",
        "communication_protocol_version": "1.0.0",
        "tensorflow_version": "2.2.0",
        "end_time_seconds": "1597784593"
    },
    "total": 360.5757346,
    "count": 1,
    "self": 0.010859600000003411,
    "children": {
        "run_training.setup": {
            "total": 0.00820899999999991,
            "count": 1,
            "self": 0.00820899999999991
        },
        "TrainerController.start_learning": {
            "total": 360.55666599999995,
            "count": 1,
            "self": 11.753315399999735,
            "children": {
                "TrainerController._reset_env": {
                    "total": 6.478144800000001,
                    "count": 1,
                    "self": 6.478144800000001
                },
                "TrainerController.advance": {
                    "total": 340.6031013000002,
                    "count": 11100,
                    "self": 0.15028719999685336,
                    "children": {
                        "env_step": {
                            "total": 340.45281410000337,
                            "count": 11100,
                            "self": 335.1479632000026,
                            "children": {
                                "SubprocessEnvManager._take_step": {
                                    "total": 5.160242399999959,
                                    "count": 11100,
                                    "self": 0.4325855000001191,
                                    "children": {
                                        "NNPolicy.evaluate": {
                                            "total": 4.72765689999984,
                                            "count": 4414,
                                            "self": 4.72765689999984
                                        }
                                    }
                                },
                                "workers": {
                                    "total": 0.14460850000081926,
                                    "count": 11099,
                                    "self": 0.0,
                                    "children": {
                                        "worker_root": {
                                            "total": 351.49110379999905,
                                            "count": 11099,
                                            "is_parallel": true,
                                            "self": 56.90558309999602,
                                            "children": {
                                                "steps_from_proto": {
                                                    "total": 0.0012329000000006474,
                                                    "count": 1,
                                                    "is_parallel": true,
                                                    "self": 0.00021599999999999397,
                                                    "children": {
                                                        "_process_vector_observation": {
                                                            "total": 0.0010169000000006534,
                                                            "count": 2,
                                                            "is_parallel": true,
                                                            "self": 0.0010169000000006534
                                                        }
                                                    }
                                                },
                                                "UnityEnvironment.step": {
                                                    "total": 294.58428780000304,
                                                    "count": 11099,
                                                    "is_parallel": true,
                                                    "self": 1.2757688000071994,
                                                    "children": {
                                                        "UnityEnvironment._generate_step_input": {
                                                            "total": 12.004741700001617,
                                                            "count": 11099,
                                                            "is_parallel": true,
                                                            "self": 12.004741700001617
                                                        },
                                                        "communicator.exchange": {
                                                            "total": 274.77922699999806,
                                                            "count": 11099,
                                                            "is_parallel": true,
                                                            "self": 274.77922699999806
                                                        },
                                                        "steps_from_proto": {
                                                            "total": 6.524550299996197,
                                                            "count": 11099,
                                                            "is_parallel": true,