{
    "name": "root",
    "gauges": {
        "MyBehavior.Policy.Entropy.mean": {
            "value": 1.226636290550232,
            "min": 1.226636290550232,
            "max": 1.4184495210647583,
            "count": 10
        },
        "MyBehavior.Environment.EpisodeLength.mean": {
            "value": 695.2328767123288,
            "min": 29.561277705345503,
            "max": 695.2328767123288,
            "count": 10
        },
        "MyBehavior.Policy.ExtrinsicValueEstimate.mean": {
            "value": 4.19435453414917,
            "min": -2.030799627304077,
            "max": 4.19435453414917,
            "count": 10
        },
        "MyBehavior.Environment.CumulativeReward.mean": {
            "value": 32.14829059986219,
            "min": -3.5219361029050495,
            "max": 32.14829059986219,
            "count": 10
        },
        "MyBehavior.Policy.ExtrinsicReward.mean": {
            "value": 32.14829059986219,
            "min": -3.5219361029050495,
            "max": 32.14829059986219,
            "count": 10
        },
        "MyBehavior.Losses.ValueLoss.mean": {
            "value": 0.5141369104385376,
            "min": 0.5141369104385376,
            "max": 3.0384559631347656,
            "count": 10
        },
        "MyBehavior.Losses.PolicyLoss.mean": {
            "value": 0.022696465253829956,
            "min": 0.020625587552785873,
            "max": 0.025131314992904663,
            "count": 10
        },
        "MyBehavior.Policy.LearningRate.mean": {
            "value": 1.3966928236186504e-05,
            "min": 1.3966928236186504e-05,
            "max": 0.0002845492563210428,
            "count": 10
        },
        "MyBehavior.Policy.Epsilon.mean": {
            "value": 0.10465560853481293,
            "min": 0.10465560853481293,
            "max": 0.19484975934028625,
            "count": 10
        },
        "MyBehavior.Policy.Beta.mean": {
            "value": 0.00024231499992311,
            "min": 0.00024231499992311,
            "max": 0.004743002355098724,
            "count": 10
        },
        "MyBehavior.IsTraining.mean": {
            "value": 1.0,
            "min": 1.0,
            "max": 1.0,
            "count": 10
        }
    },
    "metadata": {
        "timer_format_version": "0.1.0",
        "start_time_seconds": "1598049645",
        "python_version": "3.8.3 (tags/v3.8.3:6f8c832, May 13 2020, 22:37:02) [MSC v.1924 64 bit (AMD64)]",
        "command_line_arguments": "C:\\Python38\\Scripts\\mlagents-learn Behaviour.yaml --run-id=TestMisto",
        "mlagents_version": "0.18.0",
        "mlagents_envs_version": "0.18.0",
        "communication_protocol_version": "1.0.0",
        "tensorflow_version": "2.2.0",
        "end_time_seconds": "1598050387"
    },
    "total": 742.4618736,
    "count": 1,
    "self": 0.3123970000000327,
    "children": {
        "run_training.setup": {
            "total": 0.008065899999999626,
            "count": 1,
            "self": 0.008065899999999626
        },
        "TrainerController.start_learning": {
            "total": 742.1414106999999,
            "count": 1,
            "self": 23.076412999997842,
            "children": {
                "TrainerController._reset_env": {
                    "total": 9.8987339,
                    "count": 1,
                    "self": 9.8987339
                },
                "TrainerController.advance": {
                    "total": 707.5812080000021,
                    "count": 15608,
                    "self": 0.21990909999601627,
                    "children": {
                        "env_step": {
                            "total": 707.3612989000061,
                            "count": 15608,
                            "self": 693.8738241000074,
                            "children": {
                                "SubprocessEnvManager._take_step": {
                                    "total": 13.27439229999976,
                                    "count": 15608,
                                    "self": 0.9237304000011637,
                                    "children": {
                                        "NNPolicy.evaluate": {
                                            "total": 12.350661899998597,
                                            "count": 10458,
                                            "self": 12.350661899998597
                                        }
                                    }
                                },
                                "workers": {
                                    "total": 0.2130824999989418,
                                    "count": 15608,
                                    "self": 0.0,
                                    "children": {
                                        "worker_root": {
                                            "total": 729.5657632999995,
                                            "count": 15608,
                                            "is_parallel": true,
                                            "self": 119.53408160000208,
                                            "children": {
                                                "steps_from_proto": {
                                                    "total": 0.0018282000000002796,
                                                    "count": 1,
                                                    "is_parallel": true,
                                                    "self": 0.00023869999999881486,
                                                    "children": {
                                                        "_process_vector_observation": {
                                                            "total": 0.0015895000000014647,
                                                            "count": 2,
                                                            "is_parallel": true,
                                                            "self": 0.0015895000000014647
                                                        }
                                                    }
                                                },
                                                "UnityEnvironment.step": {
                                                    "total": 610.0298534999974,
                                                    "count": 15608,
                                                    "is_parallel": true,
                                                    "self": 2.3295551999892723,
                                                    "children": {
                                                        "UnityEnvironment._generate_step_input": {
                                                            "total": 28.381020600002355,
                                                            "count": 15608,
                                                            "is_parallel": true,
                                                            "self": 28.381020600002355
                                                        },
                                                        "communicator.exchange": {
                                                            "total": 566.3943761000048,
                                                            "count": 15608,
                                                            "is_parallel": true,
                                                            "self": 566.3943761000048
                                                        },
                                                        "steps_from_proto": {
                                                            "total": 12.924901600001013,
                                                            "count": 15608,
                                                            "is_parallel": true,
                                                            "self": 2.359615600002872,