{
    "name": "root",
    "gauges": {
        "MyBehavior.Policy.Entropy.mean": {
            "value": 1.246424913406372,
            "min": 1.246424913406372,
            "max": 1.4198702573776245,
            "count": 10
        },
        "MyBehavior.Environment.EpisodeLength.mean": {
            "value": 863.965811965812,
            "min": 30.681119836121542,
            "max": 863.965811965812,
            "count": 10
        },
        "MyBehavior.Policy.ExtrinsicValueEstimate.mean": {
            "value": 4.6745405197143555,
            "min": -1.5864808559417725,
            "max": 4.6745405197143555,
            "count": 10
        },
        "MyBehavior.Environment.CumulativeReward.mean": {
            "value": 41.95342250359364,
            "min": -3.4641489892973936,
            "max": 41.95342250359364,
            "count": 10
        },
        "MyBehavior.Policy.ExtrinsicReward.mean": {
            "value": 41.95342250359364,
            "min": -3.4641489892973936,
            "max": 41.95342250359364,
            "count": 10
        },
        "MyBehavior.Losses.ValueLoss.mean": {
            "value": 0.2081669270992279,
            "min": 0.2081669270992279,
            "max": 4.443493366241455,
            "count": 10
        },
        "MyBehavior.Losses.PolicyLoss.mean": {
            "value": 0.02090321108698845,
            "min": 0.02090321108698845,
            "max": 0.02641334757208824,
            "count": 10
        },
        "MyBehavior.Policy.LearningRate.mean": {
            "value": 1.40276124511729e-05,
            "min": 1.40276124511729e-05,
            "max": 0.0002845939015969634,
            "count": 10
        },
        "MyBehavior.Policy.Epsilon.mean": {
            "value": 0.10467584431171417,
            "min": 0.10467584431171417,
            "max": 0.19486463069915771,
            "count": 10
        },
        "MyBehavior.Policy.Beta.mean": {
            "value": 0.00024332434986718,
            "min": 0.00024332434986718,
            "max": 0.00474374508485198,
            "count": 10
        },
        "MyBehavior.IsTraining.mean": {
            "value": 1.0,
            "min": 1.0,
            "max": 1.0,
            "count": 10
        }
    },
    "metadata": {
        "timer_format_version": "0.1.0",
        "start_time_seconds": "1598047712",
        "python_version": "3.8.3 (tags/v3.8.3:6f8c832, May 13 2020, 22:37:02) [MSC v.1924 64 bit (AMD64)]",
        "command_line_arguments": "C:\\Python38\\Scripts\\mlagents-learn Behaviour.yaml --run-id=TestNormale",
        "mlagents_version": "0.18.0",
        "mlagents_envs_version": "0.18.0",
        "communication_protocol_version": "1.0.0",
        "tensorflow_version": "2.2.0",
        "end_time_seconds": "1598048470"
    },
    "total": 758.3004651,
    "count": 1,
    "self": 0.33541919999993297,
    "children": {
        "run_training.setup": {
            "total": 0.00947719999999963,
            "count": 1,
            "self": 0.00947719999999963
        },
        "TrainerController.start_learning": {
            "total": 757.9555687000001,
            "count": 1,
            "self": 22.46881620000363,
            "children": {
                "TrainerController._reset_env": {
                    "total": 9.2521492,
                    "count": 1,
                    "self": 9.2521492
                },
                "TrainerController.advance": {
                    "total": 724.8370225999963,
                    "count": 14521,
                    "self": 0.21068819999447896,
                    "children": {
                        "env_step": {
                            "total": 724.6263344000018,
                            "count": 14521,
                            "self": 711.7828683000165,
                            "children": {
                                "SubprocessEnvManager._take_step": {
                                    "total": 12.647880499995939,
                                    "count": 14521,
                                    "self": 0.9079319999920781,
                                    "children": {
                                        "NNPolicy.evaluate": {
                                            "total": 11.73994850000386,
                                            "count": 10456,
                                            "self": 11.73994850000386
                                        }
                                    }
                                },
                                "workers": {
                                    "total": 0.19558559998935543,
                                    "count": 14521,
                                    "self": 0.0,
                                    "children": {
                                        "worker_root": {
                                            "total": 746.2426216000008,
                                            "count": 14521,
                                            "is_parallel": true,
                                            "self": 114.9388131999965,
                                            "children": {
                                                "steps_from_proto": {
                                                    "total": 0.0014457999999990534,
                                                    "count": 1,
                                                    "is_parallel": true,
                                                    "self": 0.0002185999999984034,
                                                    "children": {
                                                        "_process_vector_observation": {
                                                            "total": 0.00122720000000065,
                                                            "count": 2,
                                                            "is_parallel": true,
                                                            "self": 0.00122720000000065
                                                        }
                                                    }
                                                },
                                                "UnityEnvironment.step": {
                                                    "total": 631.3023626000044,
                                                    "count": 14521,
                                                    "is_parallel": true,
                                                    "self": 2.217647999998576,
                                                    "children": {
                                                        "UnityEnvironment._generate_step_input": {
                                                            "total": 27.248721200006734,
                                                            "count": 14521,
                                                            "is_parallel": true,
                                                            "self": 27.248721200006734
                                                        },
                                                        "communicator.exchange": {
                                                            "total": 589.2812409000015,
                                                            "count": 14521,
                                                            "is_parallel": true,
                                                            "self": 589.2812409000015
                                                        },
                                                        "steps_from_proto": {
                                                            "total": 12.554752499997617,
                                                            "count": 14521,
                                                            "is_parallel": true,
                                                            "self": 2.2531744999970034,