{
    "name": "root",
    "metadata": {
        "timer_format_version": "0.1.0",
        "start_time_seconds": "1595531876",
        "python_version": "3.8.3 (tags/v3.8.3:6f8c832, May 13 2020, 22:37:02) [MSC v.1924 64 bit (AMD64)]",
        "command_line_arguments": "C:\\Python38\\Scripts\\mlagents-learn Behaviour.yaml --run-id=Test5",
        "mlagents_version": "0.18.0",
        "mlagents_envs_version": "0.18.0",
        "communication_protocol_version": "1.0.0",
        "tensorflow_version": "2.2.0",
        "end_time_seconds": "1595531900"
    },
    "total": 24.4526428,
    "count": 1,
    "self": 0.014545900000001666,
    "children": {
        "run_training.setup": {
            "total": 0.009315500000000032,
            "count": 1,
            "self": 0.009315500000000032
        },
        "TrainerController.start_learning": {
            "total": 24.4287814,
            "count": 1,
            "self": 2.478965799999987,
            "children": {
                "TrainerController._reset_env": {
                    "total": 7.003133999999999,
                    "count": 1,
                    "self": 7.003133999999999
                },
                "TrainerController.advance": {
                    "total": 13.143408500000012,
                    "count": 1314,
                    "self": 0.01642010000002614,
                    "children": {
                        "env_step": {
                            "total": 13.126988399999986,
                            "count": 1314,
                            "self": 12.191005099999837,
                            "children": {
                                "SubprocessEnvManager._take_step": {
                                    "total": 0.919759400000018,
                                    "count": 1314,
                                    "self": 0.03463349999992893,
                                    "children": {
                                        "NNPolicy.evaluate": {
                                            "total": 0.8851259000000891,
                                            "count": 1311,
                                            "self": 0.8851259000000891
                                        }
                                    }
                                },
                                "workers": {
                                    "total": 0.016223900000131408,
                                    "count": 1313,
                                    "self": 0.0,
                                    "children": {
                                        "worker_root": {
                                            "total": 14.993487999999967,
                                            "count": 1313,
                                            "is_parallel": true,
                                            "self": 4.142999299999953,
                                            "children": {
                                                "steps_from_proto": {
                                                    "total": 0.0004043999999998604,
                                                    "count": 1,
                                                    "is_parallel": true,
                                                    "self": 0.00011359999999971393,
                                                    "children": {
                                                        "_process_vector_observation": {
                                                            "total": 0.0002908000000001465,
                                                            "count": 2,
                                                            "is_parallel": true,
                                                            "self": 0.0002908000000001465
                                                        }
                                                    }
                                                },
                                                "UnityEnvironment.step": {
                                                    "total": 10.850084300000013,
                                                    "count": 1313,
                                                    "is_parallel": true,
                                                    "self": 0.08406710000006612,
                                                    "children": {
                                                        "UnityEnvironment._generate_step_input": {
                                                            "total": 0.16632239999995768,
                                                            "count": 1313,
                                                            "is_parallel": true,
                                                            "self": 0.16632239999995768
                                                        },
                                                        "communicator.exchange": {
                                                            "total": 10.378170000000052,
                                                            "count": 1313,
                                                            "is_parallel": true,
                                                            "self": 10.378170000000052
                                                        },
                                                        "steps_from_proto": {
                                                            "total": 0.22152479999993702,
                                                            "count": 1313,
                                                            "is_parallel": true,
                                                            "self": 0.09425439999995788,
                                                            "children": {
                                                                "_process_vector_observation": {
                                                                    "total": 0.12727039999997913,
                                                                    "count": 2626,
                                                                    "is_parallel": true,
                                                                    "self": 0.12727039999997913
                                                                }
                                                            }
                                                        }
                                                    }
                                                }
                                            }
                                        }
                                    }
                                }
                            }
                        }
                    }
                },
                "trainer_threads": {
                    "total": 3.570000000152618e-05,
                    "count": 1,
                    "self": 3.570000000152618e-05,
                    "children": {
                        "thread_root": {
                            "total": 0.0,
                            "count": 0,
                            "is_parallel": true,
                            "self": 0.0,
                            "children": {
                                "trainer_advance": {
                                    "total": 13.336734199999936,
                                    "count": 6692,
                                    "is_parallel": true,
                                    "self": 0.2670117999999917,
                                    "children": {
                                        "process_trajectory": {
                                            "total": 13.069722399999945,
                                            "count": 6692,
                                            "is_parallel": true,