{
    "name": "root",
    "gauges": {
        "MyBehavior.Policy.Entropy.mean": {
            "value": 1.1168177127838135,
            "min": 1.1168177127838135,
            "max": 1.4151891469955444,
            "count": 20
        },
        "MyBehavior.Environment.EpisodeLength.mean": {
            "value": 411.0817307692308,
            "min": 15.247832488140029,
            "max": 411.0817307692308,
            "count": 20
        },
        "MyBehavior.Policy.ExtrinsicValueEstimate.mean": {
            "value": 3.0398106575012207,
            "min": -4.282565116882324,
            "max": 3.0398106575012207,
            "count": 20
        },
        "MyBehavior.Environment.CumulativeReward.mean": {
            "value": 15.554088223438997,
            "min": -4.237653408283064,
            "max": 15.554088223438997,
            "count": 20
        },
        "MyBehavior.Policy.ExtrinsicReward.mean": {
            "value": 15.554088223438997,
            "min": -4.237653408283064,
            "max": 15.554088223438997,
            "count": 20
        },
        "MyBehavior.Losses.ValueLoss.mean": {
            "value": 0.9833194017410278,
            "min": 0.8239127993583679,
            "max": 3.439162254333496,
            "count": 20
        },
        "MyBehavior.Losses.PolicyLoss.mean": {
            "value": 0.02419411763548851,
            "min": 0.020864246413111687,
            "max": 0.026568759232759476,
            "count": 20
        },
        "MyBehavior.Policy.LearningRate.mean": {
            "value": 7.168102456489578e-06,
            "min": 7.168102456489578e-06,
            "max": 0.0002923079882748425,
            "count": 20
        },
        "MyBehavior.Policy.Epsilon.mean": {
            "value": 0.10238933563232422,
            "min": 0.10238933563232422,
            "max": 0.19743600487709045,
            "count": 20
        },
        "MyBehavior.Policy.Beta.mean": {
            "value": 0.0001292278029723093,
            "min": 0.0001292278029723093,
            "max": 0.004872055258601904,
            "count": 20
        },
        "MyBehavior.IsTraining.mean": {
            "value": 1.0,
            "min": 1.0,
            "max": 1.0,
            "count": 20
        }
    },
    "metadata": {
        "timer_format_version": "0.1.0",
        "start_time_seconds": "1597347667",
        "python_version": "3.8.3 (tags/v3.8.3:6f8c832, May 13 2020, 22:37:02) [MSC v.1924 64 bit (AMD64)]",
        "command_line_arguments": "C:\\Python38\\Scripts\\mlagents-learn configuration.yaml --run-id=DaCancellareMisto",
        "mlagents_version": "0.18.0",
        "mlagents_envs_version": "0.18.0",
        "communication_protocol_version": "1.0.0",
        "tensorflow_version": "2.2.0",
        "end_time_seconds": "1597349361"
    },
    "total": 1693.8322658,
    "count": 1,
    "self": 0.3490229999999883,
    "children": {
        "run_training.setup": {
            "total": 0.009580500000000214,
            "count": 1,
            "self": 0.009580500000000214
        },
        "TrainerController.start_learning": {
            "total": 1693.4736623,
            "count": 1,
            "self": 44.83924569999817,
            "children": {
                "TrainerController._reset_env": {
                    "total": 24.8447097,
                    "count": 1,
                    "self": 24.8447097
                },
                "TrainerController.advance": {
                    "total": 1622.2541252000017,
                    "count": 38141,
                    "self": 0.6235578999783229,
                    "children": {
                        "env_step": {
                            "total": 1621.6305673000234,
                            "count": 38141,
                            "self": 1588.1020129000167,
                            "children": {
                                "SubprocessEnvManager._take_step": {
                                    "total": 32.98700700001327,
                                    "count": 38141,
                                    "self": 2.3040640000091592,
                                    "children": {
                                        "NNPolicy.evaluate": {
                                            "total": 30.682943000004112,
                                            "count": 20875,
                                            "self": 30.682943000004112
                                        }
                                    }
                                },
                                "workers": {
                                    "total": 0.5415473999932807,
                                    "count": 38141,
                                    "self": 0.0,
                                    "children": {
                                        "worker_root": {
                                            "total": 1665.095858900014,
                                            "count": 38141,
                                            "is_parallel": true,
                                            "self": 273.8651576000136,
                                            "children": {
                                                "steps_from_proto": {
                                                    "total": 0.0031520000000000437,
                                                    "count": 1,
                                                    "is_parallel": true,
                                                    "self": 0.0004427999999983001,
                                                    "children": {
                                                        "_process_vector_observation": {
                                                            "total": 0.0027092000000017435,
                                                            "count": 2,
                                                            "is_parallel": true,
                                                            "self": 0.0027092000000017435
                                                        }
                                                    }
                                                },
                                                "UnityEnvironment.step": {
                                                    "total": 1391.2275493000004,
                                                    "count": 38141,
                                                    "is_parallel": true,
                                                    "self": 5.95090339998319,
                                                    "children": {
                                                        "UnityEnvironment._generate_step_input": {
                                                            "total": 67.34613530001177,
                                                            "count": 38141,
                                                            "is_parallel": true,
                                                            "self": 67.34613530001177
                                                        },
                                                        "communicator.exchange": {
                                                            "total": 1288.140402800005,
                                                            "count": 38141,
                                                            "is_parallel": true,
                                                            "self": 1288.140402800005
                                                        },
                                                        "steps_from_proto": {
                                                            "total": 29.790107800000385,
                                                            "count": 38141,
                                                            "is_parallel": true,