Steps,Policy/Entropy,Environment/Episode Length,Policy/Extrinsic Value Estimate,Environment/Cumulative Reward,Policy/Extrinsic Reward,Losses/Value Loss,Losses/Policy Loss,Policy/Learning Rate,Policy/Epsilon,Policy/Beta,Is Training
50000,1.4166846,61.77249357326478,-7.396624,-1.891902173392877,-1.891902173392877,21.214138,0.023485234,0.0002229533,0.17431775,0.0037184558,1.0
100000,1.4124453,70.21529745042493,-5.491211,-1.4431203821872143,-1.4431203821872143,5.561705,0.023742666,8.431808e-05,0.128106,0.0014124892,1.0
