{
    "name": "root",
    "gauges": {
        "MyBehavior.Policy.Entropy.mean": {
            "value": 1.3088475465774536,
            "min": 1.3088475465774536,
            "max": 1.411861777305603,
            "count": 10
        },
        "MyBehavior.Environment.EpisodeLength.mean": {
            "value": 946.8490566037735,
            "min": 101.28055878928987,
            "max": 946.8490566037735,
            "count": 10
        },
        "MyBehavior.Policy.ExtrinsicValueEstimate.mean": {
            "value": 4.8575215339660645,
            "min": 0.6795786619186401,
            "max": 4.8575215339660645,
            "count": 10
        },
        "MyBehavior.Environment.CumulativeReward.mean": {
            "value": 46.868400283579554,
            "min": 0.10518075229125196,
            "max": 46.868400283579554,
            "count": 10
        },
        "MyBehavior.Policy.ExtrinsicReward.mean": {
            "value": 46.868400283579554,
            "min": 0.10518075229125196,
            "max": 46.868400283579554,
            "count": 10
        },
        "MyBehavior.Losses.ValueLoss.mean": {
            "value": 0.07857926189899445,
            "min": 0.07857926189899445,
            "max": 2.0861542224884033,
            "count": 10
        },
        "MyBehavior.Losses.PolicyLoss.mean": {
            "value": 0.024586204439401627,
            "min": 0.021559786051511765,
            "max": 0.02475740760564804,
            "count": 10
        },
        "MyBehavior.Policy.LearningRate.mean": {
            "value": 1.4473717783403117e-05,
            "min": 1.4473717783403117e-05,
            "max": 0.0002845439303200692,
            "count": 10
        },
        "MyBehavior.Policy.Epsilon.mean": {
            "value": 0.10482454299926758,
            "min": 0.10482454299926758,
            "max": 0.19484800100326538,
            "count": 10
        },
        "MyBehavior.Policy.Beta.mean": {
            "value": 0.00025074457516893744,
            "min": 0.00025074457516893744,
            "max": 0.004742913413792849,
            "count": 10
        },
        "MyBehavior.IsTraining.mean": {
            "value": 1.0,
            "min": 1.0,
            "max": 1.0,
            "count": 10
        }
    },
    "metadata": {
        "timer_format_version": "0.1.0",
        "start_time_seconds": "1596032052",
        "python_version": "3.8.3 (tags/v3.8.3:6f8c832, May 13 2020, 22:37:02) [MSC v.1924 64 bit (AMD64)]",
        "command_line_arguments": "C:\\Python38\\Scripts\\mlagents-learn configuration.yaml --run-id=TestVero1",
        "mlagents_version": "0.18.0",
        "mlagents_envs_version": "0.18.0",
        "communication_protocol_version": "1.0.0",
        "tensorflow_version": "2.2.0",
        "end_time_seconds": "1596032921"
    },
    "total": 869.393894,
    "count": 1,
    "self": 0.32724159999997937,
    "children": {
        "run_training.setup": {
            "total": 0.008448800000000034,
            "count": 1,
            "self": 0.008448800000000034
        },
        "TrainerController.start_learning": {
            "total": 869.0582036000001,
            "count": 1,
            "self": 23.34485499999073,
            "children": {
                "TrainerController._reset_env": {
                    "total": 6.8854138,
                    "count": 1,
                    "self": 6.8854138
                },
                "TrainerController.advance": {
                    "total": 837.3348039000092,
                    "count": 22475,
                    "self": 0.3230836000120689,
                    "children": {
                        "env_step": {
                            "total": 837.0117202999971,
                            "count": 22475,
                            "self": 812.5509344000004,
                            "children": {
                                "SubprocessEnvManager._take_step": {
                                    "total": 24.157843599996454,
                                    "count": 22475,
                                    "self": 1.2550138000028,
                                    "children": {
                                        "NNPolicy.evaluate": {
                                            "total": 22.902829799993654,
                                            "count": 20879,
                                            "self": 22.902829799993654
                                        }
                                    }
                                },
                                "workers": {
                                    "total": 0.3029423000003231,
                                    "count": 22475,
                                    "self": 0.0,
                                    "children": {
                                        "worker_root": {
                                            "total": 859.2622186999918,
                                            "count": 22475,
                                            "is_parallel": true,
                                            "self": 138.47622699998567,
                                            "children": {
                                                "steps_from_proto": {
                                                    "total": 0.0011353999999998976,
                                                    "count": 1,
                                                    "is_parallel": true,
                                                    "self": 0.0002823999999996829,
                                                    "children": {
                                                        "_process_vector_observation": {
                                                            "total": 0.0008530000000002147,
                                                            "count": 2,
                                                            "is_parallel": true,
                                                            "self": 0.0008530000000002147
                                                        }
                                                    }
                                                },
                                                "UnityEnvironment.step": {
                                                    "total": 720.7848563000061,
                                                    "count": 22475,
                                                    "is_parallel": true,
                                                    "self": 2.83642010000392,
                                                    "children": {
                                                        "UnityEnvironment._generate_step_input": {
                                                            "total": 26.34515960000062,
                                                            "count": 22475,
                                                            "is_parallel": true,
                                                            "self": 26.34515960000062
                                                        },
                                                        "communicator.exchange": {
                                                            "total": 676.7632015000033,
                                                            "count": 22475,
                                                            "is_parallel": true,
                                                            "self": 676.7632015000033
                                                        },
                                                        "steps_from_proto": {
                                                            "total": 14.840075099998185,
                                                            "count": 22475,
                                                            "is_parallel": true,