{
    "name": "root",
    "metadata": {
        "timer_format_version": "0.1.0",
        "start_time_seconds": "1597781272",
        "python_version": "3.8.3 (tags/v3.8.3:6f8c832, May 13 2020, 22:37:02) [MSC v.1924 64 bit (AMD64)]",
        "command_line_arguments": "C:\\Python38\\Scripts\\mlagents-learn Behaviour.yaml --run-id=Dacancellare12",
        "mlagents_version": "0.18.0",
        "mlagents_envs_version": "0.18.0",
        "communication_protocol_version": "1.0.0",
        "tensorflow_version": "2.2.0",
        "end_time_seconds": "1597781295"
    },
    "total": 23.2298468,
    "count": 1,
    "self": 0.015466000000003532,
    "children": {
        "run_training.setup": {
            "total": 0.007457899999999906,
            "count": 1,
            "self": 0.007457899999999906
        },
        "TrainerController.start_learning": {
            "total": 23.2069229,
            "count": 1,
            "self": 2.1504399000000163,
            "children": {
                "TrainerController._reset_env": {
                    "total": 6.749340199999999,
                    "count": 1,
                    "self": 6.749340199999999
                },
                "TrainerController.advance": {
                    "total": 12.639713199999983,
                    "count": 1125,
                    "self": 0.014492799999983319,
                    "children": {
                        "env_step": {
                            "total": 12.6252204,
                            "count": 1125,
                            "self": 11.82447870000005,
                            "children": {
                                "SubprocessEnvManager._take_step": {
                                    "total": 0.7858956999999904,
                                    "count": 1125,
                                    "self": 0.03121149999998174,
                                    "children": {
                                        "NNPolicy.evaluate": {
                                            "total": 0.7546842000000087,
                                            "count": 1104,
                                            "self": 0.7546842000000087
                                        }
                                    }
                                },
                                "workers": {
                                    "total": 0.014845999999959503,
                                    "count": 1124,
                                    "self": 0.0,
                                    "children": {
                                        "worker_root": {
                                            "total": 14.20045199999999,
                                            "count": 1124,
                                            "is_parallel": true,
                                            "self": 3.5421355000000556,
                                            "children": {
                                                "steps_from_proto": {
                                                    "total": 0.00023980000000012325,
                                                    "count": 1,
                                                    "is_parallel": true,
                                                    "self": 6.960000000066913e-05,
                                                    "children": {
                                                        "_process_vector_observation": {
                                                            "total": 0.00017019999999945412,
                                                            "count": 2,
                                                            "is_parallel": true,
                                                            "self": 0.00017019999999945412
                                                        }
                                                    }
                                                },
                                                "UnityEnvironment.step": {
                                                    "total": 10.658076699999935,
                                                    "count": 1124,
                                                    "is_parallel": true,
                                                    "self": 0.07120850000006129,
                                                    "children": {
                                                        "UnityEnvironment._generate_step_input": {
                                                            "total": 0.14381509999997455,
                                                            "count": 1124,
                                                            "is_parallel": true,
                                                            "self": 0.14381509999997455
                                                        },
                                                        "communicator.exchange": {
                                                            "total": 10.25462829999994,
                                                            "count": 1124,
                                                            "is_parallel": true,
                                                            "self": 10.25462829999994
                                                        },
                                                        "steps_from_proto": {
                                                            "total": 0.1884247999999591,
                                                            "count": 1124,
                                                            "is_parallel": true,
                                                            "self": 0.07861819999997621,
                                                            "children": {
                                                                "_process_vector_observation": {
                                                                    "total": 0.10980659999998288,
                                                                    "count": 2248,
                                                                    "is_parallel": true,
                                                                    "self": 0.10980659999998288
                                                                }
                                                            }
                                                        }
                                                    }
                                                }
                                            }
                                        }
                                    }
                                }
                            }
                        }
                    }
                },
                "trainer_threads": {
                    "total": 2.4800000002045408e-05,
                    "count": 1,
                    "self": 2.4800000002045408e-05,
                    "children": {
                        "thread_root": {
                            "total": 0.0,
                            "count": 0,
                            "is_parallel": true,
                            "self": 0.0,
                            "children": {
                                "trainer_advance": {
                                    "total": 12.917521300000045,
                                    "count": 859,
                                    "is_parallel": true,
                                    "self": 0.057550600000073615,
                                    "children": {
                                        "process_trajectory": {
                                            "total": 12.859970699999971,
                                            "count": 859,
                                            "is_parallel": true,