{
    "name": "root",
    "metadata": {
        "timer_format_version": "0.1.0",
        "start_time_seconds": "1597782180",
        "python_version": "3.8.3 (tags/v3.8.3:6f8c832, May 13 2020, 22:37:02) [MSC v.1924 64 bit (AMD64)]",
        "command_line_arguments": "C:\\Python38\\Scripts\\mlagents-learn Behaviour.yaml --run-id=Dacancellare23",
        "mlagents_version": "0.18.0",
        "mlagents_envs_version": "0.18.0",
        "communication_protocol_version": "1.0.0",
        "tensorflow_version": "2.2.0",
        "end_time_seconds": "1597782306"
    },
    "total": 126.39363029999998,
    "count": 1,
    "self": 0.010618899999983,
    "children": {
        "run_training.setup": {
            "total": 0.011696099999999987,
            "count": 1,
            "self": 0.011696099999999987
        },
        "TrainerController.start_learning": {
            "total": 126.3713153,
            "count": 1,
            "self": 3.1105996999995966,
            "children": {
                "TrainerController._reset_env": {
                    "total": 5.964309,
                    "count": 1,
                    "self": 5.964309
                },
                "TrainerController.advance": {
                    "total": 115.7372423000004,
                    "count": 2373,
                    "self": 0.031003400000543024,
                    "children": {
                        "env_step": {
                            "total": 115.70623889999986,
                            "count": 2373,
                            "self": 114.00541929999945,
                            "children": {
                                "SubprocessEnvManager._take_step": {
                                    "total": 1.670189900000274,
                                    "count": 2373,
                                    "self": 0.08209520000047732,
                                    "children": {
                                        "NNPolicy.evaluate": {
                                            "total": 1.5880946999997967,
                                            "count": 1959,
                                            "self": 1.5880946999997967
                                        }
                                    }
                                },
                                "workers": {
                                    "total": 0.03062970000013543,
                                    "count": 2372,
                                    "self": 0.0,
                                    "children": {
                                        "worker_root": {
                                            "total": 118.24415860000003,
                                            "count": 2372,
                                            "is_parallel": true,
                                            "self": 9.233772600000066,
                                            "children": {
                                                "steps_from_proto": {
                                                    "total": 0.0006425999999999377,
                                                    "count": 1,
                                                    "is_parallel": true,
                                                    "self": 0.0001498000000008659,
                                                    "children": {
                                                        "_process_vector_observation": {
                                                            "total": 0.0004927999999990718,
                                                            "count": 2,
                                                            "is_parallel": true,
                                                            "self": 0.0004927999999990718
                                                        }
                                                    }
                                                },
                                                "UnityEnvironment.step": {
                                                    "total": 109.00974339999996,
                                                    "count": 2372,
                                                    "is_parallel": true,
                                                    "self": 0.2072205000004601,
                                                    "children": {
                                                        "UnityEnvironment._generate_step_input": {
                                                            "total": 1.3016365999998794,
                                                            "count": 2372,
                                                            "is_parallel": true,
                                                            "self": 1.3016365999998794
                                                        },
                                                        "communicator.exchange": {
                                                            "total": 106.64266209999971,
                                                            "count": 2372,
                                                            "is_parallel": true,
                                                            "self": 106.64266209999971
                                                        },
                                                        "steps_from_proto": {
                                                            "total": 0.8582241999999143,
                                                            "count": 2372,
                                                            "is_parallel": true,
                                                            "self": 0.21890630000014788,
                                                            "children": {
                                                                "_process_vector_observation": {
                                                                    "total": 0.6393178999997664,
                                                                    "count": 4744,
                                                                    "is_parallel": true,
                                                                    "self": 0.6393178999997664
                                                                }
                                                            }
                                                        }
                                                    }
                                                }
                                            }
                                        }
                                    }
                                }
                            }
                        }
                    }
                },
                "trainer_threads": {
                    "total": 3.300000000194814e-05,
                    "count": 1,
                    "self": 3.300000000194814e-05,
                    "children": {
                        "thread_root": {
                            "total": 0.0,
                            "count": 0,
                            "is_parallel": true,
                            "self": 0.0,
                            "children": {
                                "trainer_advance": {
                                    "total": 116.80020840000097,
                                    "count": 8063,
                                    "is_parallel": true,
                                    "self": 0.5009804000010547,
                                    "children": {
                                        "process_trajectory": {
                                            "total": 111.65410289999993,
                                            "count": 8063,
                                            "is_parallel": true,