{
    "name": "root",
    "metadata": {
        "timer_format_version": "0.1.0",
        "start_time_seconds": "1596048353",
        "python_version": "3.8.3 (tags/v3.8.3:6f8c832, May 13 2020, 22:37:02) [MSC v.1924 64 bit (AMD64)]",
        "command_line_arguments": "C:\\Python38\\Scripts\\mlagents-learn configuration.yaml --run-id=TestNormale2",
        "mlagents_version": "0.18.0",
        "mlagents_envs_version": "0.18.0",
        "communication_protocol_version": "1.0.0",
        "tensorflow_version": "2.2.0",
        "end_time_seconds": "1596048370"
    },
    "total": 16.4528799,
    "count": 1,
    "self": 0.011447799999995567,
    "children": {
        "run_training.setup": {
            "total": 0.008170699999999975,
            "count": 1,
            "self": 0.008170699999999975
        },
        "TrainerController.start_learning": {
            "total": 16.433261400000003,
            "count": 1,
            "self": 2.042795300000005,
            "children": {
                "TrainerController._reset_env": {
                    "total": 9.0414574,
                    "count": 1,
                    "self": 9.0414574
                },
                "TrainerController.advance": {
                    "total": 3.5511570999999993,
                    "count": 126,
                    "self": 0.0016125999999818674,
                    "children": {
                        "env_step": {
                            "total": 3.5495445000000174,
                            "count": 126,
                            "self": 3.423829500000007,
                            "children": {
                                "SubprocessEnvManager._take_step": {
                                    "total": 0.12423370000000666,
                                    "count": 126,
                                    "self": 0.004916300000012086,
                                    "children": {
                                        "NNPolicy.evaluate": {
                                            "total": 0.11931739999999458,
                                            "count": 74,
                                            "self": 0.11931739999999458
                                        }
                                    }
                                },
                                "workers": {
                                    "total": 0.0014813000000035714,
                                    "count": 125,
                                    "self": 0.0,
                                    "children": {
                                        "worker_root": {
                                            "total": 5.036152800000009,
                                            "count": 125,
                                            "is_parallel": true,
                                            "self": 1.8386941000000192,
                                            "children": {
                                                "steps_from_proto": {
                                                    "total": 0.000875299999998802,
                                                    "count": 1,
                                                    "is_parallel": true,
                                                    "self": 0.0001820999999981865,
                                                    "children": {
                                                        "_process_vector_observation": {
                                                            "total": 0.0006932000000006155,
                                                            "count": 2,
                                                            "is_parallel": true,
                                                            "self": 0.0006932000000006155
                                                        }
                                                    }
                                                },
                                                "UnityEnvironment.step": {
                                                    "total": 3.196583399999991,
                                                    "count": 125,
                                                    "is_parallel": true,
                                                    "self": 0.013348799999988614,
                                                    "children": {
                                                        "UnityEnvironment._generate_step_input": {
                                                            "total": 0.08618759999999348,
                                                            "count": 125,
                                                            "is_parallel": true,
                                                            "self": 0.08618759999999348
                                                        },
                                                        "communicator.exchange": {
                                                            "total": 3.0396497,
                                                            "count": 125,
                                                            "is_parallel": true,
                                                            "self": 3.0396497
                                                        },
                                                        "steps_from_proto": {
                                                            "total": 0.057397300000008755,
                                                            "count": 125,
                                                            "is_parallel": true,
                                                            "self": 0.013015500000010505,
                                                            "children": {
                                                                "_process_vector_observation": {
                                                                    "total": 0.04438179999999825,
                                                                    "count": 250,
                                                                    "is_parallel": true,
                                                                    "self": 0.04438179999999825
                                                                }
                                                            }
                                                        }
                                                    }
                                                }
                                            }
                                        }
                                    }
                                }
                            }
                        }
                    }
                },
                "trainer_threads": {
                    "total": 1.959999999812112e-05,
                    "count": 1,
                    "self": 1.959999999812112e-05,
                    "children": {
                        "thread_root": {
                            "total": 0.0,
                            "count": 0,
                            "is_parallel": true,
                            "self": 0.0,
                            "children": {
                                "trainer_advance": {
                                    "total": 3.5657465000000457,
                                    "count": 1670,
                                    "is_parallel": true,
                                    "self": 0.05341420000003794,
                                    "children": {
                                        "process_trajectory": {
                                            "total": 3.5123323000000077,
                                            "count": 1670,
                                            "is_parallel": true,