{
    "name": "root",
    "metadata": {
        "timer_format_version": "0.1.0",
        "start_time_seconds": "1597781549",
        "python_version": "3.8.3 (tags/v3.8.3:6f8c832, May 13 2020, 22:37:02) [MSC v.1924 64 bit (AMD64)]",
        "command_line_arguments": "C:\\Python38\\Scripts\\mlagents-learn Behaviour.yaml --run-id=Dacancellare16",
        "mlagents_version": "0.18.0",
        "mlagents_envs_version": "0.18.0",
        "communication_protocol_version": "1.0.0",
        "tensorflow_version": "2.2.0",
        "end_time_seconds": "1597781614"
    },
    "total": 65.1246015,
    "count": 1,
    "self": 0.010640100000003372,
    "children": {
        "run_training.setup": {
            "total": 0.00737719999999964,
            "count": 1,
            "self": 0.00737719999999964
        },
        "TrainerController.start_learning": {
            "total": 65.1065842,
            "count": 1,
            "self": 2.8182769999998385,
            "children": {
                "TrainerController._reset_env": {
                    "total": 9.042398500000001,
                    "count": 1,
                    "self": 9.042398500000001
                },
                "TrainerController.advance": {
                    "total": 51.376605200000164,
                    "count": 3362,
                    "self": 0.048088999999947646,
                    "children": {
                        "env_step": {
                            "total": 51.328516200000216,
                            "count": 3362,
                            "self": 49.036007900000016,
                            "children": {
                                "SubprocessEnvManager._take_step": {
                                    "total": 2.2496704000000136,
                                    "count": 3362,
                                    "self": 0.09091100000031815,
                                    "children": {
                                        "NNPolicy.evaluate": {
                                            "total": 2.1587593999996955,
                                            "count": 3307,
                                            "self": 2.1587593999996955
                                        }
                                    }
                                },
                                "workers": {
                                    "total": 0.04283790000018506,
                                    "count": 3361,
                                    "self": 0.0,
                                    "children": {
                                        "worker_root": {
                                            "total": 53.54786799999985,
                                            "count": 3361,
                                            "is_parallel": true,
                                            "self": 8.09108879999966,
                                            "children": {
                                                "steps_from_proto": {
                                                    "total": 0.00023689999999909617,
                                                    "count": 1,
                                                    "is_parallel": true,
                                                    "self": 7.999999999874774e-05,
                                                    "children": {
                                                        "_process_vector_observation": {
                                                            "total": 0.00015690000000034843,
                                                            "count": 2,
                                                            "is_parallel": true,
                                                            "self": 0.00015690000000034843
                                                        }
                                                    }
                                                },
                                                "UnityEnvironment.step": {
                                                    "total": 45.456542300000194,
                                                    "count": 3361,
                                                    "is_parallel": true,
                                                    "self": 0.21685329999989733,
                                                    "children": {
                                                        "UnityEnvironment._generate_step_input": {
                                                            "total": 0.43270960000007186,
                                                            "count": 3361,
                                                            "is_parallel": true,
                                                            "self": 0.43270960000007186
                                                        },
                                                        "communicator.exchange": {
                                                            "total": 44.219391800000146,
                                                            "count": 3361,
                                                            "is_parallel": true,
                                                            "self": 44.219391800000146
                                                        },
                                                        "steps_from_proto": {
                                                            "total": 0.587587600000079,
                                                            "count": 3361,
                                                            "is_parallel": true,
                                                            "self": 0.24523170000013828,
                                                            "children": {
                                                                "_process_vector_observation": {
                                                                    "total": 0.34235589999994076,
                                                                    "count": 6722,
                                                                    "is_parallel": true,
                                                                    "self": 0.34235589999994076
                                                                }
                                                            }
                                                        }
                                                    }
                                                }
                                            }
                                        }
                                    }
                                }
                            }
                        }
                    }
                },
                "trainer_threads": {
                    "total": 2.5899999997136547e-05,
                    "count": 1,
                    "self": 2.5899999997136547e-05,
                    "children": {
                        "thread_root": {
                            "total": 0.0,
                            "count": 0,
                            "is_parallel": true,
                            "self": 0.0,
                            "children": {
                                "trainer_advance": {
                                    "total": 52.20402190000011,
                                    "count": 3446,
                                    "is_parallel": true,
                                    "self": 0.23674030000047708,
                                    "children": {
                                        "process_trajectory": {
                                            "total": 51.96728159999963,
                                            "count": 3446,
                                            "is_parallel": true,