{
    "name": "root",
    "gauges": {
        "MyBehavior.Policy.Entropy.mean": {
            "value": 1.2411836385726929,
            "min": 1.2411836385726929,
            "max": 1.4142593145370483,
            "count": 20
        },
        "MyBehavior.Environment.EpisodeLength.mean": {
            "value": 3145.782608695652,
            "min": 35.95694496443279,
            "max": 3145.782608695652,
            "count": 20
        },
        "MyBehavior.Policy.ExtrinsicValueEstimate.mean": {
            "value": 4.672714710235596,
            "min": -2.165069341659546,
            "max": 4.672714710235596,
            "count": 20
        },
        "MyBehavior.Environment.CumulativeReward.mean": {
            "value": 152.28914424647456,
            "min": -3.202923520930346,
            "max": 152.28914424647456,
            "count": 20
        },
        "MyBehavior.Policy.ExtrinsicReward.mean": {
            "value": 152.28914424647456,
            "min": -3.202923520930346,
            "max": 152.28914424647456,
            "count": 20
        },
        "MyBehavior.Losses.ValueLoss.mean": {
            "value": 0.20775192975997925,
            "min": 0.20487716794013977,
            "max": 13.464397430419922,
            "count": 20
        },
        "MyBehavior.Losses.PolicyLoss.mean": {
            "value": 0.022418398410081863,
            "min": 0.022002752870321274,
            "max": 0.026713602244853973,
            "count": 20
        },
        "MyBehavior.Policy.LearningRate.mean": {
            "value": 7.578031727462076e-06,
            "min": 7.578031727462076e-06,
            "max": 0.00029229899519123137,
            "count": 20
        },
        "MyBehavior.Policy.Epsilon.mean": {
            "value": 0.1025259792804718,
            "min": 0.1025259792804718,
            "max": 0.1974329948425293,
            "count": 20
        },
        "MyBehavior.Policy.Beta.mean": {
            "value": 0.00013604630657937378,
            "min": 0.00013604630657937378,
            "max": 0.004871906712651253,
            "count": 20
        },
        "MyBehavior.IsTraining.mean": {
            "value": 1.0,
            "min": 1.0,
            "max": 1.0,
            "count": 20
        }
    },
    "metadata": {
        "timer_format_version": "0.1.0",
        "start_time_seconds": "1598017287",
        "python_version": "3.8.3 (tags/v3.8.3:6f8c832, May 13 2020, 22:37:02) [MSC v.1924 64 bit (AMD64)]",
        "command_line_arguments": "C:\\Python38\\Scripts\\mlagents-learn configuration.yaml --run-id=TestNormale6",
        "mlagents_version": "0.18.0",
        "mlagents_envs_version": "0.18.0",
        "communication_protocol_version": "1.0.0",
        "tensorflow_version": "2.2.0",
        "end_time_seconds": "1598018832"
    },
    "total": 1544.7867285,
    "count": 1,
    "self": 0.31632200000012745,
    "children": {
        "run_training.setup": {
            "total": 0.007932199999999945,
            "count": 1,
            "self": 0.007932199999999945
        },
        "TrainerController.start_learning": {
            "total": 1544.4624743,
            "count": 1,
            "self": 40.267709700000296,
            "children": {
                "TrainerController._reset_env": {
                    "total": 6.5997199,
                    "count": 1,
                    "self": 6.5997199
                },
                "TrainerController.advance": {
                    "total": 1496.0631321999995,
                    "count": 26822,
                    "self": 0.3680848000021797,
                    "children": {
                        "env_step": {
                            "total": 1495.6950473999973,
                            "count": 26822,
                            "self": 1468.8507129000152,
                            "children": {
                                "SubprocessEnvManager._take_step": {
                                    "total": 26.48894079998187,
                                    "count": 26822,
                                    "self": 1.7667289999808666,
                                    "children": {
                                        "NNPolicy.evaluate": {
                                            "total": 24.722211800001002,
                                            "count": 20874,
                                            "self": 24.722211800001002
                                        }
                                    }
                                },
                                "workers": {
                                    "total": 0.35539370000028647,
                                    "count": 26822,
                                    "self": 0.0,
                                    "children": {
                                        "worker_root": {
                                            "total": 1534.8638894000171,
                                            "count": 26822,
                                            "is_parallel": true,
                                            "self": 220.57078810001053,
                                            "children": {
                                                "steps_from_proto": {
                                                    "total": 0.002145600000000414,
                                                    "count": 1,
                                                    "is_parallel": true,
                                                    "self": 0.00032660000000017675,
                                                    "children": {
                                                        "_process_vector_observation": {
                                                            "total": 0.001819000000000237,
                                                            "count": 2,
                                                            "is_parallel": true,
                                                            "self": 0.001819000000000237
                                                        }
                                                    }
                                                },
                                                "UnityEnvironment.step": {
                                                    "total": 1314.2909557000066,
                                                    "count": 26822,
                                                    "is_parallel": true,
                                                    "self": 4.194842600010816,
                                                    "children": {
                                                        "UnityEnvironment._generate_step_input": {
                                                            "total": 54.98123599999099,
                                                            "count": 26822,
                                                            "is_parallel": true,
                                                            "self": 54.98123599999099
                                                        },
                                                        "communicator.exchange": {
                                                            "total": 1229.7110040000061,
                                                            "count": 26822,
                                                            "is_parallel": true,
                                                            "self": 1229.7110040000061
                                                        },
                                                        "steps_from_proto": {
                                                            "total": 25.40387309999864,
                                                            "count": 26822,
                                                            "is_parallel": true,