{
    "name": "root",
    "metadata": {
        "timer_format_version": "0.1.0",
        "start_time_seconds": "1597776501",
        "python_version": "3.8.3 (tags/v3.8.3:6f8c832, May 13 2020, 22:37:02) [MSC v.1924 64 bit (AMD64)]",
        "command_line_arguments": "C:\\Python38\\Scripts\\mlagents-learn Behaviour.yaml --run-id=provaaaaa2",
        "mlagents_version": "0.18.0",
        "mlagents_envs_version": "0.18.0",
        "communication_protocol_version": "1.0.0",
        "tensorflow_version": "2.2.0",
        "end_time_seconds": "1597776588"
    },
    "total": 86.9306989,
    "count": 1,
    "self": 0.01425729999998282,
    "children": {
        "run_training.setup": {
            "total": 0.00817509999999988,
            "count": 1,
            "self": 0.00817509999999988
        },
        "TrainerController.start_learning": {
            "total": 86.90826650000001,
            "count": 1,
            "self": 3.679082500000078,
            "children": {
                "TrainerController._reset_env": {
                    "total": 7.953858299999999,
                    "count": 1,
                    "self": 7.953858299999999
                },
                "TrainerController.advance": {
                    "total": 73.56203549999994,
                    "count": 2002,
                    "self": 0.028040599999641813,
                    "children": {
                        "env_step": {
                            "total": 73.5339949000003,
                            "count": 2002,
                            "self": 72.28968210000005,
                            "children": {
                                "SubprocessEnvManager._take_step": {
                                    "total": 1.2178420000001449,
                                    "count": 2002,
                                    "self": 0.08818290000015239,
                                    "children": {
                                        "NNPolicy.evaluate": {
                                            "total": 1.1296590999999925,
                                            "count": 1121,
                                            "self": 1.1296590999999925
                                        }
                                    }
                                },
                                "workers": {
                                    "total": 0.026470800000105044,
                                    "count": 2001,
                                    "self": 0.0,
                                    "children": {
                                        "worker_root": {
                                            "total": 76.57664620000034,
                                            "count": 2001,
                                            "is_parallel": true,
                                            "self": 10.965010200000208,
                                            "children": {
                                                "steps_from_proto": {
                                                    "total": 0.0012330999999994319,
                                                    "count": 1,
                                                    "is_parallel": true,
                                                    "self": 0.00032119999999835613,
                                                    "children": {
                                                        "_process_vector_observation": {
                                                            "total": 0.0009119000000010757,
                                                            "count": 2,
                                                            "is_parallel": true,
                                                            "self": 0.0009119000000010757
                                                        }
                                                    }
                                                },
                                                "UnityEnvironment.step": {
                                                    "total": 65.61040290000014,
                                                    "count": 2001,
                                                    "is_parallel": true,
                                                    "self": 0.24645199999983447,
                                                    "children": {
                                                        "UnityEnvironment._generate_step_input": {
                                                            "total": 2.07263010000003,
                                                            "count": 2001,
                                                            "is_parallel": true,
                                                            "self": 2.07263010000003
                                                        },
                                                        "communicator.exchange": {
                                                            "total": 62.08592430000003,
                                                            "count": 2001,
                                                            "is_parallel": true,
                                                            "self": 62.08592430000003
                                                        },
                                                        "steps_from_proto": {
                                                            "total": 1.2053965000002425,
                                                            "count": 2001,
                                                            "is_parallel": true,
                                                            "self": 0.2438323000001219,
                                                            "children": {
                                                                "_process_vector_observation": {
                                                                    "total": 0.9615642000001206,
                                                                    "count": 4002,
                                                                    "is_parallel": true,
                                                                    "self": 0.9615642000001206
                                                                }
                                                            }
                                                        }
                                                    }
                                                }
                                            }
                                        }
                                    }
                                }
                            }
                        }
                    }
                },
                "trainer_threads": {
                    "total": 2.8800000009709947e-05,
                    "count": 1,
                    "self": 2.8800000009709947e-05,
                    "children": {
                        "thread_root": {
                            "total": 0.0,
                            "count": 0,
                            "is_parallel": true,
                            "self": 0.0,
                            "children": {
                                "trainer_advance": {
                                    "total": 75.18355740000055,
                                    "count": 5502,
                                    "is_parallel": true,
                                    "self": 0.373674400000624,
                                    "children": {
                                        "process_trajectory": {
                                            "total": 66.22357189999994,
                                            "count": 5502,
                                            "is_parallel": true,