{
    "name": "root",
    "gauges": {
        "MyBehavior.Policy.Entropy.mean": {
            "value": 1.4047517776489258,
            "min": 1.3954685926437378,
            "max": 1.416894793510437,
            "count": 7
        },
        "MyBehavior.Environment.EpisodeLength.mean": {
            "value": 39.28161570403926,
            "min": 39.28161570403926,
            "max": 54.18791946308725,
            "count": 7
        },
        "MyBehavior.Policy.ExtrinsicValueEstimate.mean": {
            "value": -15.623894691467285,
            "min": -22.981666564941406,
            "max": -10.643277168273926,
            "count": 7
        },
        "MyBehavior.Environment.CumulativeReward.mean": {
            "value": -30.39901868492545,
            "min": -50.21541735461523,
            "max": -29.52654642504439,
            "count": 7
        },
        "MyBehavior.Policy.ExtrinsicReward.mean": {
            "value": -30.39901868492545,
            "min": -50.21541735461523,
            "max": -29.52654642504439,
            "count": 7
        },
        "MyBehavior.Losses.ValueLoss.mean": {
            "value": 57.24409103393555,
            "min": 57.24409103393555,
            "max": 361.8633117675781,
            "count": 7
        },
        "MyBehavior.Losses.PolicyLoss.mean": {
            "value": 0.037903375923633575,
            "min": 0.022616466507315636,
            "max": 0.10498184710741043,
            "count": 7
        },
        "MyBehavior.Policy.LearningRate.mean": {
            "value": 0.00023473697365261614,
            "min": 0.00023473697365261614,
            "max": 0.00029485695995390415,
            "count": 7
        },
        "MyBehavior.Policy.Epsilon.mean": {
            "value": 0.1782456636428833,
            "min": 0.1782456636428833,
            "max": 0.19828565418720245,
            "count": 7
        },
        "MyBehavior.Policy.Beta.mean": {
            "value": 0.003914457280188799,
            "min": 0.003914457280188799,
            "max": 0.004914453253149986,
            "count": 7
        },
        "MyBehavior.IsTraining.mean": {
            "value": 1.0,
            "min": 1.0,
            "max": 1.0,
            "count": 7
        }
    },
    "metadata": {
        "timer_format_version": "0.1.0",
        "start_time_seconds": "1597779562",
        "python_version": "3.8.3 (tags/v3.8.3:6f8c832, May 13 2020, 22:37:02) [MSC v.1924 64 bit (AMD64)]",
        "command_line_arguments": "C:\\Python38\\Scripts\\mlagents-learn Behaviour.yaml --run-id=Dacancellare9",
        "mlagents_version": "0.18.0",
        "mlagents_envs_version": "0.18.0",
        "communication_protocol_version": "1.0.0",
        "tensorflow_version": "2.2.0",
        "end_time_seconds": "1597780256"
    },
    "total": 694.4557085,
    "count": 1,
    "self": 0.012419600000043829,
    "children": {
        "run_training.setup": {
            "total": 0.00855080000000008,
            "count": 1,
            "self": 0.00855080000000008
        },
        "TrainerController.start_learning": {
            "total": 694.4347381,
            "count": 1,
            "self": 22.84651410000231,
            "children": {
                "TrainerController._reset_env": {
                    "total": 8.8832246,
                    "count": 1,
                    "self": 8.8832246
                },
                "TrainerController.advance": {
                    "total": 661.0469986999977,
                    "count": 22969,
                    "self": 0.3308103999955847,
                    "children": {
                        "env_step": {
                            "total": 660.7161883000022,
                            "count": 22969,
                            "self": 649.3871804000022,
                            "children": {
                                "SubprocessEnvManager._take_step": {
                                    "total": 11.019777899999513,
                                    "count": 22969,
                                    "self": 0.8579500999991119,
                                    "children": {
                                        "NNPolicy.evaluate": {
                                            "total": 10.1618278000004,
                                            "count": 10814,
                                            "self": 10.1618278000004
                                        }
                                    }
                                },
                                "workers": {
                                    "total": 0.30923000000040624,
                                    "count": 22968,
                                    "self": 0.0,
                                    "children": {
                                        "worker_root": {
                                            "total": 682.5130803000017,
                                            "count": 22968,
                                            "is_parallel": true,
                                            "self": 111.8876909000096,
                                            "children": {
                                                "steps_from_proto": {
                                                    "total": 0.0012267999999995283,
                                                    "count": 1,
                                                    "is_parallel": true,
                                                    "self": 0.0003241999999978873,
                                                    "children": {
                                                        "_process_vector_observation": {
                                                            "total": 0.000902600000001641,
                                                            "count": 2,
                                                            "is_parallel": true,
                                                            "self": 0.000902600000001641
                                                        }
                                                    }
                                                },
                                                "UnityEnvironment.step": {
                                                    "total": 570.624162599992,
                                                    "count": 22968,
                                                    "is_parallel": true,
                                                    "self": 2.6424297999853934,
                                                    "children": {
                                                        "UnityEnvironment._generate_step_input": {
                                                            "total": 22.33647529999857,
                                                            "count": 22968,
                                                            "is_parallel": true,
                                                            "self": 22.33647529999857
                                                        },
                                                        "communicator.exchange": {
                                                            "total": 533.2312434000079,
                                                            "count": 22968,
                                                            "is_parallel": true,
                                                            "self": 533.2312434000079
                                                        },
                                                        "steps_from_proto": {
                                                            "total": 12.41401410000019,
                                                            "count": 22968,
                                                            "is_parallel": true,
                                                            "self": 2.6472259999928855,