{
    "name": "root",
    "metadata": {
        "timer_format_version": "0.1.0",
        "start_time_seconds": "1597778620",
        "python_version": "3.8.3 (tags/v3.8.3:6f8c832, May 13 2020, 22:37:02) [MSC v.1924 64 bit (AMD64)]",
        "command_line_arguments": "C:\\Python38\\Scripts\\mlagents-learn Behaviour.yaml --run-id=Dacancellare4",
        "mlagents_version": "0.18.0",
        "mlagents_envs_version": "0.18.0",
        "communication_protocol_version": "1.0.0",
        "tensorflow_version": "2.2.0",
        "end_time_seconds": "1597778664"
    },
    "total": 43.3742208,
    "count": 1,
    "self": 0.012827700000002551,
    "children": {
        "run_training.setup": {
            "total": 0.009133499999999906,
            "count": 1,
            "self": 0.009133499999999906
        },
        "TrainerController.start_learning": {
            "total": 43.352259600000004,
            "count": 1,
            "self": 2.197910599999986,
            "children": {
                "TrainerController._reset_env": {
                    "total": 25.9839156,
                    "count": 1,
                    "self": 25.9839156
                },
                "TrainerController.advance": {
                    "total": 13.467639700000017,
                    "count": 1141,
                    "self": 0.014883900000004502,
                    "children": {
                        "env_step": {
                            "total": 13.452755800000013,
                            "count": 1141,
                            "self": 12.64445470000014,
                            "children": {
                                "SubprocessEnvManager._take_step": {
                                    "total": 0.7938359999998887,
                                    "count": 1141,
                                    "self": 0.030729899999883514,
                                    "children": {
                                        "NNPolicy.evaluate": {
                                            "total": 0.7631061000000052,
                                            "count": 1087,
                                            "self": 0.7631061000000052
                                        }
                                    }
                                },
                                "workers": {
                                    "total": 0.014465099999984687,
                                    "count": 1140,
                                    "self": 0.0,
                                    "children": {
                                        "worker_root": {
                                            "total": 15.056470699999942,
                                            "count": 1140,
                                            "is_parallel": true,
                                            "self": 3.6364977999999653,
                                            "children": {
                                                "steps_from_proto": {
                                                    "total": 0.00022760000000232594,
                                                    "count": 1,
                                                    "is_parallel": true,
                                                    "self": 7.760000000445189e-05,
                                                    "children": {
                                                        "_process_vector_observation": {
                                                            "total": 0.00014999999999787406,
                                                            "count": 2,
                                                            "is_parallel": true,
                                                            "self": 0.00014999999999787406
                                                        }
                                                    }
                                                },
                                                "UnityEnvironment.step": {
                                                    "total": 11.419745299999974,
                                                    "count": 1140,
                                                    "is_parallel": true,
                                                    "self": 0.07203870000027734,
                                                    "children": {
                                                        "UnityEnvironment._generate_step_input": {
                                                            "total": 0.14671819999988855,
                                                            "count": 1140,
                                                            "is_parallel": true,
                                                            "self": 0.14671819999988855
                                                        },
                                                        "communicator.exchange": {
                                                            "total": 11.003860699999933,
                                                            "count": 1140,
                                                            "is_parallel": true,
                                                            "self": 11.003860699999933
                                                        },
                                                        "steps_from_proto": {
                                                            "total": 0.197127699999875,
                                                            "count": 1140,
                                                            "is_parallel": true,
                                                            "self": 0.08163159999979186,
                                                            "children": {
                                                                "_process_vector_observation": {
                                                                    "total": 0.11549610000008315,
                                                                    "count": 2280,
                                                                    "is_parallel": true,
                                                                    "self": 0.11549610000008315
                                                                }
                                                            }
                                                        }
                                                    }
                                                }
                                            }
                                        }
                                    }
                                }
                            }
                        }
                    }
                },
                "trainer_threads": {
                    "total": 1.8300000000692762e-05,
                    "count": 1,
                    "self": 1.8300000000692762e-05,
                    "children": {
                        "thread_root": {
                            "total": 0.0,
                            "count": 0,
                            "is_parallel": true,
                            "self": 0.0,
                            "children": {
                                "trainer_advance": {
                                    "total": 13.762060799999954,
                                    "count": 954,
                                    "is_parallel": true,
                                    "self": 0.062147599999867964,
                                    "children": {
                                        "process_trajectory": {
                                            "total": 13.699913200000086,
                                            "count": 954,
                                            "is_parallel": true,