{
    "name": "root",
    "gauges": {
        "MyBehavior.Policy.Entropy.mean": {
            "value": 1.1616036891937256,
            "min": 1.1616036891937256,
            "max": 1.4151413440704346,
            "count": 20
        },
        "MyBehavior.Environment.EpisodeLength.mean": {
            "value": 544.6277777777777,
            "min": 15.281115167607036,
            "max": 643.3032258064516,
            "count": 20
        },
        "MyBehavior.Policy.ExtrinsicValueEstimate.mean": {
            "value": 2.070108413696289,
            "min": -2.9907662868499756,
            "max": 2.070108413696289,
            "count": 20
        },
        "MyBehavior.Environment.CumulativeReward.mean": {
            "value": 13.029388339651955,
            "min": -4.4614490035955345,
            "max": 16.1241283816676,
            "count": 20
        },
        "MyBehavior.Policy.ExtrinsicReward.mean": {
            "value": 13.029388339651955,
            "min": -4.4614490035955345,
            "max": 16.1241283816676,
            "count": 20
        },
        "MyBehavior.Losses.ValueLoss.mean": {
            "value": 0.5910390615463257,
            "min": 0.5448510646820068,
            "max": 8.599942207336426,
            "count": 20
        },
        "MyBehavior.Losses.PolicyLoss.mean": {
            "value": 0.022680561989545822,
            "min": 0.022031964734196663,
            "max": 0.025967827066779137,
            "count": 20
        },
        "MyBehavior.Policy.LearningRate.mean": {
            "value": 7.060990355967078e-06,
            "min": 7.060990355967078e-06,
            "max": 0.00029230222571641207,
            "count": 20
        },
        "MyBehavior.Policy.Epsilon.mean": {
            "value": 0.10235363245010376,
            "min": 0.10235363245010376,
            "max": 0.19743408262729645,
            "count": 20
        },
        "MyBehavior.Policy.Beta.mean": {
            "value": 0.00012744616833515465,
            "min": 0.00012744616833515465,
            "max": 0.0048719607293605804,
            "count": 20
        },
        "MyBehavior.IsTraining.mean": {
            "value": 1.0,
            "min": 1.0,
            "max": 1.0,
            "count": 20
        }
    },
    "metadata": {
        "timer_format_version": "0.1.0",
        "start_time_seconds": "1597354752",
        "python_version": "3.8.3 (tags/v3.8.3:6f8c832, May 13 2020, 22:37:02) [MSC v.1924 64 bit (AMD64)]",
        "command_line_arguments": "C:\\Python38\\Scripts\\mlagents-learn configuration.yaml --run-id=Dacancellare4",
        "mlagents_version": "0.18.0",
        "mlagents_envs_version": "0.18.0",
        "communication_protocol_version": "1.0.0",
        "tensorflow_version": "2.2.0",
        "end_time_seconds": "1597356429"
    },
    "total": 1677.4100095000001,
    "count": 1,
    "self": 0.38806419999991704,
    "children": {
        "run_training.setup": {
            "total": 0.008190399999999709,
            "count": 1,
            "self": 0.008190399999999709
        },
        "TrainerController.start_learning": {
            "total": 1677.0137549,
            "count": 1,
            "self": 42.18419069997344,
            "children": {
                "TrainerController._reset_env": {
                    "total": 11.4913105,
                    "count": 1,
                    "self": 11.4913105
                },
                "TrainerController.advance": {
                    "total": 1621.4798391000263,
                    "count": 33581,
                    "self": 0.5942141000452921,
                    "children": {
                        "env_step": {
                            "total": 1620.885624999981,
                            "count": 33581,
                            "self": 1587.9873602999983,
                            "children": {
                                "SubprocessEnvManager._take_step": {
                                    "total": 32.40810779998803,
                                    "count": 33581,
                                    "self": 2.353732799977603,
                                    "children": {
                                        "NNPolicy.evaluate": {
                                            "total": 30.054375000010427,
                                            "count": 20876,
                                            "self": 30.054375000010427
                                        }
                                    }
                                },
                                "workers": {
                                    "total": 0.4901568999946022,
                                    "count": 33581,
                                    "self": 0.0,
                                    "children": {
                                        "worker_root": {
                                            "total": 1661.0133315000005,
                                            "count": 33581,
                                            "is_parallel": true,
                                            "self": 261.82243740000126,
                                            "children": {
                                                "steps_from_proto": {
                                                    "total": 0.0014202999999994859,
                                                    "count": 1,
                                                    "is_parallel": true,
                                                    "self": 0.00018180000000000973,
                                                    "children": {
                                                        "_process_vector_observation": {
                                                            "total": 0.0012384999999994761,
                                                            "count": 2,
                                                            "is_parallel": true,
                                                            "self": 0.0012384999999994761
                                                        }
                                                    }
                                                },
                                                "UnityEnvironment.step": {
                                                    "total": 1399.1894737999992,
                                                    "count": 33581,
                                                    "is_parallel": true,
                                                    "self": 5.8702361000225665,
                                                    "children": {
                                                        "UnityEnvironment._generate_step_input": {
                                                            "total": 70.90820199999237,
                                                            "count": 33581,
                                                            "is_parallel": true,
                                                            "self": 70.90820199999237
                                                        },
                                                        "communicator.exchange": {
                                                            "total": 1292.412611799987,
                                                            "count": 33581,
                                                            "is_parallel": true,
                                                            "self": 1292.412611799987
                                                        },
                                                        "steps_from_proto": {
                                                            "total": 29.998423899997213,
                                                            "count": 33581,
                                                            "is_parallel": true,