{
    "name": "root",
    "gauges": {
        "MyBehavior.Policy.Entropy.mean": {
            "value": 1.414607286453247,
            "min": 1.414607286453247,
            "max": 1.414607286453247,
            "count": 1
        },
        "MyBehavior.Environment.EpisodeLength.mean": {
            "value": 52.76017601760176,
            "min": 52.76017601760176,
            "max": 52.76017601760176,
            "count": 1
        },
        "MyBehavior.Policy.ExtrinsicValueEstimate.mean": {
            "value": -1.0453733205795288,
            "min": -1.0453733205795288,
            "max": -1.0453733205795288,
            "count": 1
        },
        "MyBehavior.Environment.CumulativeReward.mean": {
            "value": -44.42249492913616,
            "min": -44.42249492913616,
            "max": -44.42249492913616,
            "count": 1
        },
        "MyBehavior.Policy.ExtrinsicReward.mean": {
            "value": -44.42249492913616,
            "min": -44.42249492913616,
            "max": -44.42249492913616,
            "count": 1
        },
        "MyBehavior.Losses.ValueLoss.mean": {
            "value": 100.9972152709961,
            "min": 100.9972152709961,
            "max": 100.9972152709961,
            "count": 1
        },
        "MyBehavior.Losses.PolicyLoss.mean": {
            "value": 0.023723416030406952,
            "min": 0.023723416030406952,
            "max": 0.023723416030406952,
            "count": 1
        },
        "MyBehavior.Policy.LearningRate.mean": {
            "value": 0.0002948501496575773,
            "min": 0.0002948501496575773,
            "max": 0.0002948501496575773,
            "count": 1
        },
        "MyBehavior.Policy.Epsilon.mean": {
            "value": 0.1982833743095398,
            "min": 0.1982833743095398,
            "max": 0.1982833743095398,
            "count": 1
        },
        "MyBehavior.Policy.Beta.mean": {
            "value": 0.004914341028779745,
            "min": 0.004914341028779745,
            "max": 0.004914341028779745,
            "count": 1
        },
        "MyBehavior.IsTraining.mean": {
            "value": 1.0,
            "min": 1.0,
            "max": 1.0,
            "count": 1
        }
    },
    "metadata": {
        "timer_format_version": "0.1.0",
        "start_time_seconds": "1597779230",
        "python_version": "3.8.3 (tags/v3.8.3:6f8c832, May 13 2020, 22:37:02) [MSC v.1924 64 bit (AMD64)]",
        "command_line_arguments": "C:\\Python38\\Scripts\\mlagents-learn Behaviour.yaml --run-id=Dacancellare7",
        "mlagents_version": "0.18.0",
        "mlagents_envs_version": "0.18.0",
        "communication_protocol_version": "1.0.0",
        "tensorflow_version": "2.2.0",
        "end_time_seconds": "1597779451"
    },
    "total": 221.6071965,
    "count": 1,
    "self": 0.01321109999997816,
    "children": {
        "run_training.setup": {
            "total": 0.007736299999999918,
            "count": 1,
            "self": 0.007736299999999918
        },
        "TrainerController.start_learning": {
            "total": 221.5862491,
            "count": 1,
            "self": 4.406315799999788,
            "children": {
                "TrainerController._reset_env": {
                    "total": 49.993291799999994,
                    "count": 1,
                    "self": 49.993291799999994
                },
                "TrainerController.advance": {
                    "total": 165.3852733000002,
                    "count": 2393,
                    "self": 0.03376339999962852,
                    "children": {
                        "env_step": {
                            "total": 165.35150990000056,
                            "count": 2393,
                            "self": 163.93042090000114,
                            "children": {
                                "SubprocessEnvManager._take_step": {
                                    "total": 1.3892508999997304,
                                    "count": 2393,
                                    "self": 0.11062149999929005,
                                    "children": {
                                        "NNPolicy.evaluate": {
                                            "total": 1.2786294000004403,
                                            "count": 1118,
                                            "self": 1.2786294000004403
                                        }
                                    }
                                },
                                "workers": {
                                    "total": 0.03183809999971032,
                                    "count": 2392,
                                    "self": 0.0,
                                    "children": {
                                        "worker_root": {
                                            "total": 169.1846246999996,
                                            "count": 2392,
                                            "is_parallel": true,
                                            "self": 89.8225623999994,
                                            "children": {
                                                "steps_from_proto": {
                                                    "total": 0.0015264000000030364,
                                                    "count": 1,
                                                    "is_parallel": true,
                                                    "self": 0.000293800000001454,
                                                    "children": {
                                                        "_process_vector_observation": {
                                                            "total": 0.0012326000000015824,
                                                            "count": 2,
                                                            "is_parallel": true,
                                                            "self": 0.0012326000000015824
                                                        }
                                                    }
                                                },
                                                "UnityEnvironment.step": {
                                                    "total": 79.3605359000002,
                                                    "count": 2392,
                                                    "is_parallel": true,
                                                    "self": 0.3098975999998288,
                                                    "children": {
                                                        "UnityEnvironment._generate_step_input": {
                                                            "total": 2.7430460000001844,
                                                            "count": 2392,
                                                            "is_parallel": true,
                                                            "self": 2.7430460000001844
                                                        },
                                                        "communicator.exchange": {
                                                            "total": 74.68607209999988,
                                                            "count": 2392,
                                                            "is_parallel": true,
                                                            "self": 74.68607209999988
                                                        },
                                                        "steps_from_proto": {
                                                            "total": 1.6215202000002975,
                                                            "count": 2392,
                                                            "is_parallel": true,
                                                            "self": 0.31766990000056694,